usage_id,customer_id,month,service_type,revenue_ngn,volume
USG00001,CUST0001,2026-02-01,Data,2218.39,6.34
USG00002,CUST0001,2026-02-01,Voice,1853.57,290.7
USG00003,CUST0001,2026-02-01,SMS,169.69,29.0
USG00004,CUST0001,2026-03-01,Data,3005.34,8.59
USG00005,CUST0001,2026-03-01,Voice,1482.67,96.6
USG00006,CUST0001,2026-03-01,SMS,259.36,9.0
USG00007,CUST0001,2026-04-01,Data,897.88,2.57
USG00008,CUST0001,2026-04-01,Voice,944.52,119.0
USG00009,CUST0001,2026-04-01,SMS,130.58,42.0
USG00010,CUST0001,2026-05-01,Data,2097.64,5.99
USG00011,CUST0001,2026-05-01,Voice,598.18,106.7
USG00012,CUST0001,2026-05-01,SMS,332.32,36.0
USG00013,CUST0001,2026-06-01,Data,2645.63,7.56
USG00014,CUST0001,2026-06-01,Voice,1284.13,295.3
USG00015,CUST0001,2026-06-01,SMS,107.93,56.0
USG00016,CUST0001,2026-07-01,Data,3844.65,10.98
USG00017,CUST0001,2026-07-01,Voice,1339.07,44.8
USG00018,CUST0001,2026-07-01,SMS,241.12,10.0
USG00019,CUST0002,2026-02-01,Data,1949.97,5.57
USG00020,CUST0002,2026-02-01,Voice,926.56,79.1
USG00021,CUST0002,2026-02-01,SMS,171.49,7.0
USG00022,CUST0002,2026-03-01,Data,2593.91,7.41
USG00023,CUST0002,2026-03-01,Voice,633.35,80.9
USG00024,CUST0002,2026-03-01,SMS,44.08,76.0
USG00025,CUST0002,2026-04-01,Data,588.93,1.68
USG00026,CUST0002,2026-04-01,Voice,359.05,117.4
USG00027,CUST0002,2026-04-01,SMS,131.64,46.0
USG00028,CUST0002,2026-05-01,Data,726.67,2.08
USG00029,CUST0002,2026-05-01,Voice,454.21,86.9
USG00030,CUST0002,2026-05-01,SMS,58.44,36.0
USG00031,CUST0002,2026-06-01,Data,2230.48,6.37
USG00032,CUST0002,2026-06-01,Voice,378.33,122.7
USG00033,CUST0002,2026-06-01,SMS,90.37,78.0
USG00034,CUST0002,2026-07-01,Data,2882.13,8.23
USG00035,CUST0002,2026-07-01,Voice,990.14,87.7
USG00036,CUST0002,2026-07-01,SMS,32.25,29.0
USG00037,CUST0003,2026-02-01,Data,1093.67,3.12
USG00038,CUST0003,2026-02-01,Voice,681.22,237.8
USG00039,CUST0003,2026-02-01,SMS,174.5,68.0
USG00040,CUST0003,2026-03-01,Data,1335.16,3.81
USG00041,CUST0003,2026-03-01,Voice,871.6,107.6
USG00042,CUST0003,2026-03-01,SMS,30.96,58.0
USG00043,CUST0003,2026-04-01,Data,425.55,1.22
USG00044,CUST0003,2026-04-01,Voice,579.64,112.2
USG00045,CUST0003,2026-04-01,SMS,144.81,62.0
USG00046,CUST0003,2026-05-01,Data,1190.65,3.4
USG00047,CUST0003,2026-05-01,Voice,1002.21,102.3
USG00048,CUST0003,2026-05-01,SMS,100.34,60.0
USG00049,CUST0003,2026-06-01,Data,2201.59,6.29
USG00050,CUST0003,2026-06-01,Voice,1186.74,83.0
USG00051,CUST0003,2026-06-01,SMS,139.22,51.0
USG00052,CUST0003,2026-07-01,Data,2779.26,7.94
USG00053,CUST0003,2026-07-01,Voice,314.18,230.5
USG00054,CUST0003,2026-07-01,SMS,122.29,26.0
USG00055,CUST0004,2026-02-01,Data,2777.0,7.93
USG00056,CUST0004,2026-02-01,Voice,850.79,182.2
USG00057,CUST0004,2026-02-01,SMS,306.03,48.0
USG00058,CUST0004,2026-03-01,Data,3472.21,9.92
USG00059,CUST0004,2026-03-01,Voice,1180.96,34.3
USG00060,CUST0004,2026-03-01,SMS,105.25,42.0
USG00061,CUST0004,2026-04-01,Data,2051.24,5.86
USG00062,CUST0004,2026-04-01,Voice,579.45,161.2
USG00063,CUST0004,2026-04-01,SMS,132.78,24.0
USG00064,CUST0004,2026-05-01,Data,2730.82,7.8
USG00065,CUST0004,2026-05-01,Voice,492.91,279.8
USG00066,CUST0004,2026-05-01,SMS,299.52,58.0
USG00067,CUST0004,2026-06-01,Data,1149.47,3.28
USG00068,CUST0004,2026-06-01,Voice,1639.94,246.2
USG00069,CUST0004,2026-06-01,SMS,268.94,14.0
USG00070,CUST0004,2026-07-01,Data,3526.07,10.07
USG00071,CUST0004,2026-07-01,Voice,1744.27,181.7
USG00072,CUST0004,2026-07-01,SMS,231.8,39.0
USG00073,CUST0005,2026-02-01,Data,1774.64,5.07
USG00074,CUST0005,2026-02-01,Voice,186.1,198.9
USG00075,CUST0005,2026-02-01,SMS,34.66,38.0
USG00076,CUST0005,2026-03-01,Data,1160.9,3.32
USG00077,CUST0005,2026-03-01,Voice,722.7,57.4
USG00078,CUST0005,2026-03-01,SMS,144.5,65.0
USG00079,CUST0005,2026-04-01,Data,824.72,2.36
USG00080,CUST0005,2026-04-01,Voice,259.53,60.7
USG00081,CUST0005,2026-04-01,SMS,177.88,45.0
USG00082,CUST0005,2026-05-01,Data,1614.88,4.61
USG00083,CUST0005,2026-05-01,Voice,262.05,201.9
USG00084,CUST0005,2026-05-01,SMS,176.24,67.0
USG00085,CUST0005,2026-06-01,Data,2027.74,5.79
USG00086,CUST0005,2026-06-01,Voice,229.04,51.5
USG00087,CUST0005,2026-06-01,SMS,28.88,24.0
USG00088,CUST0005,2026-07-01,Data,752.72,2.15
USG00089,CUST0005,2026-07-01,Voice,423.05,127.8
USG00090,CUST0005,2026-07-01,SMS,189.74,51.0
USG00091,CUST0006,2026-02-01,Data,4370.58,12.49
USG00092,CUST0006,2026-02-01,Voice,1522.98,51.5
USG00093,CUST0006,2026-02-01,SMS,259.19,26.0
USG00094,CUST0006,2026-03-01,Data,3504.86,10.01
USG00095,CUST0006,2026-03-01,Voice,863.62,299.3
USG00096,CUST0006,2026-03-01,SMS,114.65,26.0
USG00097,CUST0006,2026-04-01,Data,4793.57,13.7
USG00098,CUST0006,2026-04-01,Voice,298.99,215.1
USG00099,CUST0006,2026-04-01,SMS,255.95,68.0
USG00100,CUST0006,2026-05-01,Data,4987.02,14.25
USG00101,CUST0006,2026-05-01,Voice,1996.45,38.3
USG00102,CUST0006,2026-05-01,SMS,285.48,53.0
USG00103,CUST0006,2026-06-01,Data,3541.25,10.12
USG00104,CUST0006,2026-06-01,Voice,484.1,202.1
USG00105,CUST0006,2026-06-01,SMS,334.64,73.0
USG00106,CUST0006,2026-07-01,Data,2620.96,7.49
USG00107,CUST0006,2026-07-01,Voice,326.31,121.4
USG00108,CUST0006,2026-07-01,SMS,286.88,58.0
USG00109,CUST0007,2026-02-01,Data,1594.29,4.56
USG00110,CUST0007,2026-02-01,Voice,207.86,139.5
USG00111,CUST0007,2026-02-01,SMS,104.42,75.0
USG00112,CUST0007,2026-03-01,Data,2066.82,5.91
USG00113,CUST0007,2026-03-01,Voice,477.24,167.1
USG00114,CUST0007,2026-03-01,SMS,31.89,78.0
USG00115,CUST0007,2026-04-01,Data,1336.16,3.82
USG00116,CUST0007,2026-04-01,Voice,651.76,119.5
USG00117,CUST0007,2026-04-01,SMS,142.85,55.0
USG00118,CUST0007,2026-05-01,Data,2259.84,6.46
USG00119,CUST0007,2026-05-01,Voice,431.55,108.4
USG00120,CUST0007,2026-05-01,SMS,42.55,54.0
USG00121,CUST0007,2026-06-01,Data,503.47,1.44
USG00122,CUST0007,2026-06-01,Voice,777.57,263.5
USG00123,CUST0007,2026-06-01,SMS,180.35,39.0
USG00124,CUST0007,2026-07-01,Data,1594.19,4.55
USG00125,CUST0007,2026-07-01,Voice,230.82,207.8
USG00126,CUST0007,2026-07-01,SMS,167.83,23.0
USG00127,CUST0008,2026-02-01,Data,1495.38,4.27
USG00128,CUST0008,2026-02-01,Voice,1030.78,265.6
USG00129,CUST0008,2026-02-01,SMS,63.77,46.0
USG00130,CUST0008,2026-03-01,Data,900.48,2.57
USG00131,CUST0008,2026-03-01,Voice,256.97,275.1
USG00132,CUST0008,2026-03-01,SMS,167.69,62.0
USG00133,CUST0008,2026-04-01,Data,526.79,1.51
USG00134,CUST0008,2026-04-01,Voice,1035.92,142.7
USG00135,CUST0008,2026-04-01,SMS,81.63,46.0
USG00136,CUST0008,2026-05-01,Data,637.52,1.82
USG00137,CUST0008,2026-05-01,Voice,944.48,183.1
USG00138,CUST0008,2026-05-01,SMS,53.59,19.0
USG00139,CUST0008,2026-06-01,Data,879.05,2.51
USG00140,CUST0008,2026-06-01,Voice,209.85,184.6
USG00141,CUST0008,2026-06-01,SMS,171.26,6.0
USG00142,CUST0008,2026-07-01,Data,527.41,1.51
USG00143,CUST0008,2026-07-01,Voice,751.41,249.5
USG00144,CUST0008,2026-07-01,SMS,78.81,31.0
USG00145,CUST0009,2026-02-01,Data,1950.5,5.57
USG00146,CUST0009,2026-02-01,Voice,437.92,27.5
USG00147,CUST0009,2026-02-01,SMS,152.34,52.0
USG00148,CUST0009,2026-03-01,Data,1909.97,5.46
USG00149,CUST0009,2026-03-01,Voice,928.77,209.1
USG00150,CUST0009,2026-03-01,SMS,57.06,31.0
USG00151,CUST0009,2026-04-01,Data,727.89,2.08
USG00152,CUST0009,2026-04-01,Voice,286.35,209.3
USG00153,CUST0009,2026-04-01,SMS,174.55,77.0
USG00154,CUST0009,2026-05-01,Data,2033.7,5.81
USG00155,CUST0009,2026-05-01,Voice,343.31,49.6
USG00156,CUST0009,2026-05-01,SMS,166.31,48.0
USG00157,CUST0009,2026-06-01,Data,2007.54,5.74
USG00158,CUST0009,2026-06-01,Voice,970.54,216.9
USG00159,CUST0009,2026-06-01,SMS,170.2,9.0
USG00160,CUST0009,2026-07-01,Data,2343.55,6.7
USG00161,CUST0009,2026-07-01,Voice,1043.4,100.1
USG00162,CUST0009,2026-07-01,SMS,135.28,29.0
USG00163,CUST0010,2026-02-01,Data,2890.72,8.26
USG00164,CUST0010,2026-02-01,Voice,185.09,182.3
USG00165,CUST0010,2026-02-01,SMS,49.97,58.0
USG00166,CUST0010,2026-03-01,Data,857.31,2.45
USG00167,CUST0010,2026-03-01,Voice,397.15,158.4
USG00168,CUST0010,2026-03-01,SMS,184.67,21.0
USG00169,CUST0010,2026-04-01,Data,775.02,2.21
USG00170,CUST0010,2026-04-01,Voice,946.93,160.2
USG00171,CUST0010,2026-04-01,SMS,184.12,16.0
USG00172,CUST0010,2026-05-01,Data,2079.41,5.94
USG00173,CUST0010,2026-05-01,Voice,394.52,63.9
USG00174,CUST0010,2026-05-01,SMS,143.02,50.0
USG00175,CUST0010,2026-06-01,Data,2362.55,6.75
USG00176,CUST0010,2026-06-01,Voice,474.94,145.4
USG00177,CUST0010,2026-06-01,SMS,92.98,79.0
USG00178,CUST0010,2026-07-01,Data,1159.85,3.31
USG00179,CUST0010,2026-07-01,Voice,459.56,119.3
USG00180,CUST0010,2026-07-01,SMS,121.63,24.0
USG00181,CUST0011,2026-02-01,Data,2779.75,7.94
USG00182,CUST0011,2026-02-01,Voice,428.97,270.8
USG00183,CUST0011,2026-02-01,SMS,38.63,54.0
USG00184,CUST0011,2026-03-01,Data,2758.16,7.88
USG00185,CUST0011,2026-03-01,Voice,327.19,291.1
USG00186,CUST0011,2026-03-01,SMS,101.52,76.0
USG00187,CUST0011,2026-04-01,Data,2159.73,6.17
USG00188,CUST0011,2026-04-01,Voice,466.67,72.7
USG00189,CUST0011,2026-04-01,SMS,74.67,12.0
USG00190,CUST0011,2026-05-01,Data,774.06,2.21
USG00191,CUST0011,2026-05-01,Voice,259.89,138.4
USG00192,CUST0011,2026-05-01,SMS,163.2,16.0
USG00193,CUST0011,2026-06-01,Data,738.83,2.11
USG00194,CUST0011,2026-06-01,Voice,825.6,75.2
USG00195,CUST0011,2026-06-01,SMS,37.57,18.0
USG00196,CUST0011,2026-07-01,Data,2801.7,8.0
USG00197,CUST0011,2026-07-01,Voice,1012.54,119.1
USG00198,CUST0011,2026-07-01,SMS,138.05,45.0
USG00199,CUST0012,2026-02-01,Data,2160.52,6.17
USG00200,CUST0012,2026-02-01,Voice,866.8,196.0
USG00201,CUST0012,2026-02-01,SMS,67.9,8.0
USG00202,CUST0012,2026-03-01,Data,1584.47,4.53
USG00203,CUST0012,2026-03-01,Voice,1085.52,179.5
USG00204,CUST0012,2026-03-01,SMS,169.83,79.0
USG00205,CUST0012,2026-04-01,Data,825.4,2.36
USG00206,CUST0012,2026-04-01,Voice,876.37,208.8
USG00207,CUST0012,2026-04-01,SMS,196.39,79.0
USG00208,CUST0012,2026-05-01,Data,2185.36,6.24
USG00209,CUST0012,2026-05-01,Voice,405.8,243.6
USG00210,CUST0012,2026-05-01,SMS,39.27,64.0
USG00211,CUST0012,2026-06-01,Data,2766.51,7.9
USG00212,CUST0012,2026-06-01,Voice,551.98,196.6
USG00213,CUST0012,2026-06-01,SMS,97.43,38.0
USG00214,CUST0012,2026-07-01,Data,1206.96,3.45
USG00215,CUST0012,2026-07-01,Voice,950.24,282.1
USG00216,CUST0012,2026-07-01,SMS,189.34,18.0
USG00217,CUST0013,2026-02-01,Data,2674.33,7.64
USG00218,CUST0013,2026-02-01,Voice,924.3,90.8
USG00219,CUST0013,2026-02-01,SMS,32.11,25.0
USG00220,CUST0013,2026-03-01,Data,2771.74,7.92
USG00221,CUST0013,2026-03-01,Voice,814.84,221.9
USG00222,CUST0013,2026-03-01,SMS,66.29,59.0
USG00223,CUST0013,2026-04-01,Data,473.12,1.35
USG00224,CUST0013,2026-04-01,Voice,544.09,195.5
USG00225,CUST0013,2026-04-01,SMS,46.3,67.0
USG00226,CUST0013,2026-05-01,Data,1011.08,2.89
USG00227,CUST0013,2026-05-01,Voice,834.9,133.5
USG00228,CUST0013,2026-05-01,SMS,127.29,13.0
USG00229,CUST0013,2026-06-01,Data,443.97,1.27
USG00230,CUST0013,2026-06-01,Voice,1105.04,95.5
USG00231,CUST0013,2026-06-01,SMS,167.54,80.0
USG00232,CUST0013,2026-07-01,Data,949.72,2.71
USG00233,CUST0013,2026-07-01,Voice,428.43,205.6
USG00234,CUST0013,2026-07-01,SMS,193.78,74.0
USG00235,CUST0014,2026-02-01,Data,1707.48,4.88
USG00236,CUST0014,2026-02-01,Voice,984.87,58.0
USG00237,CUST0014,2026-02-01,SMS,195.94,77.0
USG00238,CUST0014,2026-03-01,Data,825.7,2.36
USG00239,CUST0014,2026-03-01,Voice,464.39,48.0
USG00240,CUST0014,2026-03-01,SMS,68.91,66.0
USG00241,CUST0014,2026-04-01,Data,1383.62,3.95
USG00242,CUST0014,2026-04-01,Voice,242.82,115.8
USG00243,CUST0014,2026-04-01,SMS,196.65,52.0
USG00244,CUST0014,2026-05-01,Data,1482.02,4.23
USG00245,CUST0014,2026-05-01,Voice,324.87,296.1
USG00246,CUST0014,2026-05-01,SMS,167.75,26.0
USG00247,CUST0014,2026-06-01,Data,582.18,1.66
USG00248,CUST0014,2026-06-01,Voice,209.46,53.7
USG00249,CUST0014,2026-06-01,SMS,124.54,75.0
USG00250,CUST0014,2026-07-01,Data,1691.53,4.83
USG00251,CUST0014,2026-07-01,Voice,1035.09,144.8
USG00252,CUST0014,2026-07-01,SMS,147.55,60.0
USG00253,CUST0015,2026-02-01,Data,852.31,2.44
USG00254,CUST0015,2026-02-01,Voice,529.28,198.4
USG00255,CUST0015,2026-02-01,SMS,32.73,32.0
USG00256,CUST0015,2026-03-01,Data,1790.48,5.12
USG00257,CUST0015,2026-03-01,Voice,1196.04,152.9
USG00258,CUST0015,2026-03-01,SMS,166.89,37.0
USG00259,CUST0015,2026-04-01,Data,2470.62,7.06
USG00260,CUST0015,2026-04-01,Voice,775.19,268.2
USG00261,CUST0015,2026-04-01,SMS,93.97,50.0
USG00262,CUST0015,2026-05-01,Data,2038.05,5.82
USG00263,CUST0015,2026-05-01,Voice,588.25,60.4
USG00264,CUST0015,2026-05-01,SMS,36.84,6.0
USG00265,CUST0015,2026-06-01,Data,2671.19,7.63
USG00266,CUST0015,2026-06-01,Voice,398.3,79.2
USG00267,CUST0015,2026-06-01,SMS,152.49,29.0
USG00268,CUST0015,2026-07-01,Data,1715.72,4.9
USG00269,CUST0015,2026-07-01,Voice,320.64,288.7
USG00270,CUST0015,2026-07-01,SMS,173.28,70.0
USG00271,CUST0016,2026-02-01,Data,1457.61,4.16
USG00272,CUST0016,2026-02-01,Voice,950.48,60.3
USG00273,CUST0016,2026-02-01,SMS,21.55,6.0
USG00274,CUST0016,2026-03-01,Data,1925.16,5.5
USG00275,CUST0016,2026-03-01,Voice,628.16,165.0
USG00276,CUST0016,2026-03-01,SMS,21.34,37.0
USG00277,CUST0016,2026-04-01,Data,2266.98,6.48
USG00278,CUST0016,2026-04-01,Voice,614.83,225.0
USG00279,CUST0016,2026-04-01,SMS,61.94,66.0
USG00280,CUST0016,2026-05-01,Data,1929.92,5.51
USG00281,CUST0016,2026-05-01,Voice,371.3,86.3
USG00282,CUST0016,2026-05-01,SMS,133.05,67.0
USG00283,CUST0016,2026-06-01,Data,1480.63,4.23
USG00284,CUST0016,2026-06-01,Voice,421.22,262.8
USG00285,CUST0016,2026-06-01,SMS,140.47,39.0
USG00286,CUST0016,2026-07-01,Data,1668.54,4.77
USG00287,CUST0016,2026-07-01,Voice,364.47,195.5
USG00288,CUST0016,2026-07-01,SMS,84.57,80.0
USG00289,CUST0017,2026-02-01,Data,2802.41,8.01
USG00290,CUST0017,2026-02-01,Voice,1122.31,178.4
USG00291,CUST0017,2026-02-01,SMS,314.53,65.0
USG00292,CUST0017,2026-03-01,Data,2673.99,7.64
USG00293,CUST0017,2026-03-01,Voice,1537.88,184.1
USG00294,CUST0017,2026-03-01,SMS,184.66,19.0
USG00295,CUST0017,2026-04-01,Data,2730.6,7.8
USG00296,CUST0017,2026-04-01,Voice,693.79,276.2
USG00297,CUST0017,2026-04-01,SMS,136.63,76.0
USG00298,CUST0017,2026-05-01,Data,3036.1,8.67
USG00299,CUST0017,2026-05-01,Voice,1382.31,172.0
USG00300,CUST0017,2026-05-01,SMS,73.59,33.0
USG00301,CUST0017,2026-06-01,Data,1118.23,3.19
USG00302,CUST0017,2026-06-01,Voice,1366.97,145.1
USG00303,CUST0017,2026-06-01,SMS,272.06,22.0
USG00304,CUST0017,2026-07-01,Data,1407.38,4.02
USG00305,CUST0017,2026-07-01,Voice,980.3,279.4
USG00306,CUST0017,2026-07-01,SMS,251.39,36.0
USG00307,CUST0018,2026-02-01,Data,1744.91,4.99
USG00308,CUST0018,2026-02-01,Voice,238.42,295.7
USG00309,CUST0018,2026-02-01,SMS,139.95,26.0
USG00310,CUST0018,2026-03-01,Data,1923.1,5.49
USG00311,CUST0018,2026-03-01,Voice,264.96,290.4
USG00312,CUST0018,2026-03-01,SMS,51.46,54.0
USG00313,CUST0018,2026-04-01,Data,1038.18,2.97
USG00314,CUST0018,2026-04-01,Voice,903.44,237.5
USG00315,CUST0018,2026-04-01,SMS,141.22,51.0
USG00316,CUST0018,2026-05-01,Data,2720.42,7.77
USG00317,CUST0018,2026-05-01,Voice,232.56,112.7
USG00318,CUST0018,2026-05-01,SMS,64.69,79.0
USG00319,CUST0018,2026-06-01,Data,1412.41,4.04
USG00320,CUST0018,2026-06-01,Voice,919.24,211.7
USG00321,CUST0018,2026-06-01,SMS,58.17,23.0
USG00322,CUST0018,2026-07-01,Data,1131.34,3.23
USG00323,CUST0018,2026-07-01,Voice,581.68,85.6
USG00324,CUST0018,2026-07-01,SMS,23.54,71.0
USG00325,CUST0019,2026-02-01,Data,2910.59,8.32
USG00326,CUST0019,2026-02-01,Voice,508.65,114.8
USG00327,CUST0019,2026-02-01,SMS,21.28,56.0
USG00328,CUST0019,2026-03-01,Data,2546.14,7.27
USG00329,CUST0019,2026-03-01,Voice,303.94,64.7
USG00330,CUST0019,2026-03-01,SMS,162.21,51.0
USG00331,CUST0019,2026-04-01,Data,516.64,1.48
USG00332,CUST0019,2026-04-01,Voice,803.67,106.5
USG00333,CUST0019,2026-04-01,SMS,86.37,63.0
USG00334,CUST0019,2026-05-01,Data,2508.43,7.17
USG00335,CUST0019,2026-05-01,Voice,570.37,285.2
USG00336,CUST0019,2026-05-01,SMS,93.16,63.0
USG00337,CUST0019,2026-06-01,Data,1658.08,4.74
USG00338,CUST0019,2026-06-01,Voice,1092.41,274.2
USG00339,CUST0019,2026-06-01,SMS,35.74,75.0
USG00340,CUST0019,2026-07-01,Data,2546.39,7.28
USG00341,CUST0019,2026-07-01,Voice,980.88,76.3
USG00342,CUST0019,2026-07-01,SMS,164.92,69.0
USG00343,CUST0020,2026-02-01,Data,1151.79,3.29
USG00344,CUST0020,2026-02-01,Voice,1149.87,34.0
USG00345,CUST0020,2026-02-01,SMS,46.98,45.0
USG00346,CUST0020,2026-03-01,Data,1897.06,5.42
USG00347,CUST0020,2026-03-01,Voice,827.41,24.8
USG00348,CUST0020,2026-03-01,SMS,192.87,8.0
USG00349,CUST0020,2026-04-01,Data,771.96,2.21
USG00350,CUST0020,2026-04-01,Voice,164.72,178.7
USG00351,CUST0020,2026-04-01,SMS,187.81,55.0
USG00352,CUST0020,2026-05-01,Data,2538.91,7.25
USG00353,CUST0020,2026-05-01,Voice,163.95,171.8
USG00354,CUST0020,2026-05-01,SMS,102.72,42.0
USG00355,CUST0020,2026-06-01,Data,587.75,1.68
USG00356,CUST0020,2026-06-01,Voice,868.66,160.9
USG00357,CUST0020,2026-06-01,SMS,157.73,41.0
USG00358,CUST0020,2026-07-01,Data,788.39,2.25
USG00359,CUST0020,2026-07-01,Voice,830.67,68.3
USG00360,CUST0020,2026-07-01,SMS,177.03,51.0
USG00361,CUST0021,2026-02-01,Data,808.73,2.31
USG00362,CUST0021,2026-02-01,Voice,1160.45,165.1
USG00363,CUST0021,2026-02-01,SMS,33.12,52.0
USG00364,CUST0021,2026-03-01,Data,1058.32,3.02
USG00365,CUST0021,2026-03-01,Voice,993.88,249.0
USG00366,CUST0021,2026-03-01,SMS,196.21,43.0
USG00367,CUST0021,2026-04-01,Data,1582.89,4.52
USG00368,CUST0021,2026-04-01,Voice,941.15,57.1
USG00369,CUST0021,2026-04-01,SMS,118.44,46.0
USG00370,CUST0021,2026-05-01,Data,632.63,1.81
USG00371,CUST0021,2026-05-01,Voice,588.88,258.9
USG00372,CUST0021,2026-05-01,SMS,174.11,12.0
USG00373,CUST0021,2026-06-01,Data,635.87,1.82
USG00374,CUST0021,2026-06-01,Voice,425.83,264.9
USG00375,CUST0021,2026-06-01,SMS,43.2,59.0
USG00376,CUST0021,2026-07-01,Data,663.03,1.89
USG00377,CUST0021,2026-07-01,Voice,804.29,119.7
USG00378,CUST0021,2026-07-01,SMS,162.0,23.0
USG00379,CUST0022,2026-02-01,Data,3505.27,10.02
USG00380,CUST0022,2026-02-01,Voice,675.69,219.8
USG00381,CUST0022,2026-02-01,SMS,301.35,15.0
USG00382,CUST0022,2026-03-01,Data,4510.35,12.89
USG00383,CUST0022,2026-03-01,Voice,1314.53,55.6
USG00384,CUST0022,2026-03-01,SMS,164.83,17.0
USG00385,CUST0022,2026-04-01,Data,3775.54,10.79
USG00386,CUST0022,2026-04-01,Voice,1609.58,49.6
USG00387,CUST0022,2026-04-01,SMS,188.88,66.0
USG00388,CUST0022,2026-05-01,Data,4817.84,13.77
USG00389,CUST0022,2026-05-01,Voice,1171.63,286.1
USG00390,CUST0022,2026-05-01,SMS,197.92,35.0
USG00391,CUST0022,2026-06-01,Data,4429.06,12.65
USG00392,CUST0022,2026-06-01,Voice,1134.97,152.1
USG00393,CUST0022,2026-06-01,SMS,184.04,69.0
USG00394,CUST0022,2026-07-01,Data,4357.18,12.45
USG00395,CUST0022,2026-07-01,Voice,975.28,113.3
USG00396,CUST0022,2026-07-01,SMS,184.53,48.0
USG00397,CUST0023,2026-02-01,Data,1019.68,2.91
USG00398,CUST0023,2026-02-01,Voice,983.65,156.2
USG00399,CUST0023,2026-02-01,SMS,80.13,13.0
USG00400,CUST0023,2026-03-01,Data,1021.0,2.92
USG00401,CUST0023,2026-03-01,Voice,1146.75,105.4
USG00402,CUST0023,2026-03-01,SMS,50.39,40.0
USG00403,CUST0023,2026-04-01,Data,1198.43,3.42
USG00404,CUST0023,2026-04-01,Voice,186.92,110.5
USG00405,CUST0023,2026-04-01,SMS,117.94,46.0
USG00406,CUST0023,2026-05-01,Data,1327.05,3.79
USG00407,CUST0023,2026-05-01,Voice,619.67,290.3
USG00408,CUST0023,2026-05-01,SMS,87.92,24.0
USG00409,CUST0023,2026-06-01,Data,1033.01,2.95
USG00410,CUST0023,2026-06-01,Voice,630.65,232.7
USG00411,CUST0023,2026-06-01,SMS,57.08,58.0
USG00412,CUST0023,2026-07-01,Data,454.99,1.3
USG00413,CUST0023,2026-07-01,Voice,589.88,237.2
USG00414,CUST0023,2026-07-01,SMS,80.97,47.0
USG00415,CUST0024,2026-02-01,Data,932.95,2.67
USG00416,CUST0024,2026-02-01,Voice,929.1,34.6
USG00417,CUST0024,2026-02-01,SMS,173.46,20.0
USG00418,CUST0024,2026-03-01,Data,2673.43,7.64
USG00419,CUST0024,2026-03-01,Voice,520.16,222.4
USG00420,CUST0024,2026-03-01,SMS,77.46,73.0
USG00421,CUST0024,2026-04-01,Data,729.26,2.08
USG00422,CUST0024,2026-04-01,Voice,337.45,158.0
USG00423,CUST0024,2026-04-01,SMS,34.75,20.0
USG00424,CUST0024,2026-05-01,Data,2853.79,8.15
USG00425,CUST0024,2026-05-01,Voice,1175.31,125.4
USG00426,CUST0024,2026-05-01,SMS,186.19,46.0
USG00427,CUST0024,2026-06-01,Data,1101.33,3.15
USG00428,CUST0024,2026-06-01,Voice,887.52,204.5
USG00429,CUST0024,2026-06-01,SMS,198.04,25.0
USG00430,CUST0024,2026-07-01,Data,2147.35,6.14
USG00431,CUST0024,2026-07-01,Voice,204.62,51.8
USG00432,CUST0024,2026-07-01,SMS,20.71,80.0
USG00433,CUST0025,2026-02-01,Data,2485.91,7.1
USG00434,CUST0025,2026-02-01,Voice,976.06,162.7
USG00435,CUST0025,2026-02-01,SMS,74.01,16.0
USG00436,CUST0025,2026-03-01,Data,1140.15,3.26
USG00437,CUST0025,2026-03-01,Voice,544.77,231.8
USG00438,CUST0025,2026-03-01,SMS,117.14,11.0
USG00439,CUST0025,2026-04-01,Data,446.88,1.28
USG00440,CUST0025,2026-04-01,Voice,257.45,134.9
USG00441,CUST0025,2026-04-01,SMS,187.97,53.0
USG00442,CUST0025,2026-05-01,Data,2484.75,7.1
USG00443,CUST0025,2026-05-01,Voice,639.69,121.3
USG00444,CUST0025,2026-05-01,SMS,39.51,71.0
USG00445,CUST0025,2026-06-01,Data,2436.22,6.96
USG00446,CUST0025,2026-06-01,Voice,326.52,163.4
USG00447,CUST0025,2026-06-01,SMS,107.73,52.0
USG00448,CUST0025,2026-07-01,Data,2860.09,8.17
USG00449,CUST0025,2026-07-01,Voice,758.76,171.3
USG00450,CUST0025,2026-07-01,SMS,29.06,10.0
USG00451,CUST0026,2026-02-01,Data,887.1,2.53
USG00452,CUST0026,2026-02-01,Voice,184.09,228.1
USG00453,CUST0026,2026-02-01,SMS,150.2,15.0
USG00454,CUST0026,2026-03-01,Data,2573.81,7.35
USG00455,CUST0026,2026-03-01,Voice,312.53,104.3
USG00456,CUST0026,2026-03-01,SMS,64.82,33.0
USG00457,CUST0026,2026-04-01,Data,1062.13,3.03
USG00458,CUST0026,2026-04-01,Voice,663.4,134.1
USG00459,CUST0026,2026-04-01,SMS,197.58,9.0
USG00460,CUST0026,2026-05-01,Data,769.67,2.2
USG00461,CUST0026,2026-05-01,Voice,205.47,195.2
USG00462,CUST0026,2026-05-01,SMS,29.81,68.0
USG00463,CUST0026,2026-06-01,Data,1731.04,4.95
USG00464,CUST0026,2026-06-01,Voice,703.36,177.2
USG00465,CUST0026,2026-06-01,SMS,50.75,20.0
USG00466,CUST0026,2026-07-01,Data,1228.93,3.51
USG00467,CUST0026,2026-07-01,Voice,773.17,78.8
USG00468,CUST0026,2026-07-01,SMS,40.94,78.0
USG00469,CUST0027,2026-02-01,Data,777.16,2.22
USG00470,CUST0027,2026-02-01,Voice,1687.81,240.6
USG00471,CUST0027,2026-02-01,SMS,124.95,15.0
USG00472,CUST0027,2026-03-01,Data,1323.68,3.78
USG00473,CUST0027,2026-03-01,Voice,1499.92,200.0
USG00474,CUST0027,2026-03-01,SMS,273.52,75.0
USG00475,CUST0027,2026-04-01,Data,3738.32,10.68
USG00476,CUST0027,2026-04-01,Voice,533.19,88.2
USG00477,CUST0027,2026-04-01,SMS,291.71,21.0
USG00478,CUST0027,2026-05-01,Data,1000.55,2.86
USG00479,CUST0027,2026-05-01,Voice,1510.35,132.7
USG00480,CUST0027,2026-05-01,SMS,315.53,54.0
USG00481,CUST0027,2026-06-01,Data,1079.65,3.08
USG00482,CUST0027,2026-06-01,Voice,1946.92,92.4
USG00483,CUST0027,2026-06-01,SMS,137.19,35.0
USG00484,CUST0027,2026-07-01,Data,906.41,2.59
USG00485,CUST0027,2026-07-01,Voice,1141.28,54.5
USG00486,CUST0027,2026-07-01,SMS,156.7,31.0
USG00487,CUST0028,2026-02-01,Data,4095.95,11.7
USG00488,CUST0028,2026-02-01,Voice,1688.66,63.0
USG00489,CUST0028,2026-02-01,SMS,146.16,33.0
USG00490,CUST0028,2026-03-01,Data,1349.23,3.85
USG00491,CUST0028,2026-03-01,Voice,1680.24,218.0
USG00492,CUST0028,2026-03-01,SMS,92.26,33.0
USG00493,CUST0028,2026-04-01,Data,1147.66,3.28
USG00494,CUST0028,2026-04-01,Voice,1376.35,54.0
USG00495,CUST0028,2026-04-01,SMS,335.7,64.0
USG00496,CUST0028,2026-05-01,Data,2404.85,6.87
USG00497,CUST0028,2026-05-01,Voice,1287.74,275.2
USG00498,CUST0028,2026-05-01,SMS,203.55,18.0
USG00499,CUST0028,2026-06-01,Data,2353.87,6.73
USG00500,CUST0028,2026-06-01,Voice,1760.01,200.4
USG00501,CUST0028,2026-06-01,SMS,233.12,70.0
USG00502,CUST0028,2026-07-01,Data,4631.36,13.23
USG00503,CUST0028,2026-07-01,Voice,1896.83,46.6
USG00504,CUST0028,2026-07-01,SMS,200.5,61.0
USG00505,CUST0029,2026-02-01,Data,2368.01,6.77
USG00506,CUST0029,2026-02-01,Voice,787.05,66.7
USG00507,CUST0029,2026-02-01,SMS,163.54,59.0
USG00508,CUST0029,2026-03-01,Data,623.95,1.78
USG00509,CUST0029,2026-03-01,Voice,637.0,68.7
USG00510,CUST0029,2026-03-01,SMS,80.75,6.0
USG00511,CUST0029,2026-04-01,Data,1440.86,4.12
USG00512,CUST0029,2026-04-01,Voice,727.37,193.5
USG00513,CUST0029,2026-04-01,SMS,139.43,68.0
USG00514,CUST0029,2026-05-01,Data,960.2,2.74
USG00515,CUST0029,2026-05-01,Voice,276.51,258.4
USG00516,CUST0029,2026-05-01,SMS,48.19,78.0
USG00517,CUST0029,2026-06-01,Data,2590.6,7.4
USG00518,CUST0029,2026-06-01,Voice,675.92,294.8
USG00519,CUST0029,2026-06-01,SMS,37.53,28.0
USG00520,CUST0029,2026-07-01,Data,2059.38,5.88
USG00521,CUST0029,2026-07-01,Voice,517.51,279.9
USG00522,CUST0029,2026-07-01,SMS,31.81,46.0
USG00523,CUST0030,2026-02-01,Data,1936.25,5.53
USG00524,CUST0030,2026-02-01,Voice,835.36,91.6
USG00525,CUST0030,2026-02-01,SMS,85.62,68.0
USG00526,CUST0030,2026-03-01,Data,906.85,2.59
USG00527,CUST0030,2026-03-01,Voice,1018.21,177.5
USG00528,CUST0030,2026-03-01,SMS,157.19,59.0
USG00529,CUST0030,2026-04-01,Data,939.53,2.68
USG00530,CUST0030,2026-04-01,Voice,747.25,263.0
USG00531,CUST0030,2026-04-01,SMS,97.78,77.0
USG00532,CUST0030,2026-05-01,Data,1575.76,4.5
USG00533,CUST0030,2026-05-01,Voice,299.92,129.0
USG00534,CUST0030,2026-05-01,SMS,191.31,29.0
USG00535,CUST0030,2026-06-01,Data,2657.06,7.59
USG00536,CUST0030,2026-06-01,Voice,1075.31,118.1
USG00537,CUST0030,2026-06-01,SMS,34.99,59.0
USG00538,CUST0030,2026-07-01,Data,1209.93,3.46
USG00539,CUST0030,2026-07-01,Voice,972.07,143.9
USG00540,CUST0030,2026-07-01,SMS,107.35,63.0
USG00541,CUST0031,2026-02-01,Data,1394.14,3.98
USG00542,CUST0031,2026-02-01,Voice,615.28,125.3
USG00543,CUST0031,2026-02-01,SMS,86.12,44.0
USG00544,CUST0031,2026-03-01,Data,2502.88,7.15
USG00545,CUST0031,2026-03-01,Voice,529.86,166.8
USG00546,CUST0031,2026-03-01,SMS,140.73,25.0
USG00547,CUST0031,2026-04-01,Data,1121.56,3.2
USG00548,CUST0031,2026-04-01,Voice,1130.08,222.6
USG00549,CUST0031,2026-04-01,SMS,123.89,54.0
USG00550,CUST0031,2026-05-01,Data,476.18,1.36
USG00551,CUST0031,2026-05-01,Voice,799.01,162.7
USG00552,CUST0031,2026-05-01,SMS,118.23,32.0
USG00553,CUST0031,2026-06-01,Data,611.83,1.75
USG00554,CUST0031,2026-06-01,Voice,353.01,286.2
USG00555,CUST0031,2026-06-01,SMS,93.57,40.0
USG00556,CUST0031,2026-07-01,Data,537.05,1.53
USG00557,CUST0031,2026-07-01,Voice,189.44,220.8
USG00558,CUST0031,2026-07-01,SMS,116.86,43.0
USG00559,CUST0032,2026-02-01,Data,1032.12,2.95
USG00560,CUST0032,2026-02-01,Voice,931.99,67.1
USG00561,CUST0032,2026-02-01,SMS,54.19,40.0
USG00562,CUST0032,2026-03-01,Data,1144.33,3.27
USG00563,CUST0032,2026-03-01,Voice,409.84,200.7
USG00564,CUST0032,2026-03-01,SMS,137.17,67.0
USG00565,CUST0032,2026-04-01,Data,1486.04,4.25
USG00566,CUST0032,2026-04-01,Voice,226.74,96.6
USG00567,CUST0032,2026-04-01,SMS,196.4,50.0
USG00568,CUST0032,2026-05-01,Data,2245.32,6.42
USG00569,CUST0032,2026-05-01,Voice,157.73,165.1
USG00570,CUST0032,2026-05-01,SMS,26.76,48.0
USG00571,CUST0032,2026-06-01,Data,2794.0,7.98
USG00572,CUST0032,2026-06-01,Voice,1166.84,171.4
USG00573,CUST0032,2026-06-01,SMS,102.48,76.0
USG00574,CUST0032,2026-07-01,Data,2151.39,6.15
USG00575,CUST0032,2026-07-01,Voice,218.14,150.4
USG00576,CUST0032,2026-07-01,SMS,63.24,40.0
USG00577,CUST0033,2026-02-01,Data,1584.21,4.53
USG00578,CUST0033,2026-02-01,Voice,761.25,119.9
USG00579,CUST0033,2026-02-01,SMS,49.57,43.0
USG00580,CUST0033,2026-03-01,Data,2558.53,7.31
USG00581,CUST0033,2026-03-01,Voice,847.21,114.7
USG00582,CUST0033,2026-03-01,SMS,188.39,73.0
USG00583,CUST0033,2026-04-01,Data,944.31,2.7
USG00584,CUST0033,2026-04-01,Voice,191.39,227.6
USG00585,CUST0033,2026-04-01,SMS,168.97,78.0
USG00586,CUST0033,2026-05-01,Data,2713.57,7.75
USG00587,CUST0033,2026-05-01,Voice,780.56,168.4
USG00588,CUST0033,2026-05-01,SMS,25.01,23.0
USG00589,CUST0033,2026-06-01,Data,1595.0,4.56
USG00590,CUST0033,2026-06-01,Voice,809.93,176.0
USG00591,CUST0033,2026-06-01,SMS,153.67,26.0
USG00592,CUST0033,2026-07-01,Data,1868.88,5.34
USG00593,CUST0033,2026-07-01,Voice,242.55,135.8
USG00594,CUST0033,2026-07-01,SMS,155.03,57.0
USG00595,CUST0034,2026-02-01,Data,2975.67,8.5
USG00596,CUST0034,2026-02-01,Voice,441.79,159.5
USG00597,CUST0034,2026-02-01,SMS,79.32,38.0
USG00598,CUST0034,2026-03-01,Data,2628.07,7.51
USG00599,CUST0034,2026-03-01,Voice,868.42,267.1
USG00600,CUST0034,2026-03-01,SMS,56.63,71.0
USG00601,CUST0034,2026-04-01,Data,555.38,1.59
USG00602,CUST0034,2026-04-01,Voice,1083.03,112.1
USG00603,CUST0034,2026-04-01,SMS,76.63,43.0
USG00604,CUST0034,2026-05-01,Data,2845.79,8.13
USG00605,CUST0034,2026-05-01,Voice,200.17,118.6
USG00606,CUST0034,2026-05-01,SMS,174.18,35.0
USG00607,CUST0034,2026-06-01,Data,917.81,2.62
USG00608,CUST0034,2026-06-01,Voice,596.03,128.0
USG00609,CUST0034,2026-06-01,SMS,184.77,62.0
USG00610,CUST0034,2026-07-01,Data,1713.3,4.9
USG00611,CUST0034,2026-07-01,Voice,1187.79,150.3
USG00612,CUST0034,2026-07-01,SMS,30.48,25.0
USG00613,CUST0035,2026-02-01,Data,2607.43,7.45
USG00614,CUST0035,2026-02-01,Voice,535.07,285.3
USG00615,CUST0035,2026-02-01,SMS,268.66,25.0
USG00616,CUST0035,2026-03-01,Data,3291.36,9.4
USG00617,CUST0035,2026-03-01,Voice,1542.79,283.6
USG00618,CUST0035,2026-03-01,SMS,303.78,44.0
USG00619,CUST0035,2026-04-01,Data,4103.96,11.73
USG00620,CUST0035,2026-04-01,Voice,1258.43,174.8
USG00621,CUST0035,2026-04-01,SMS,69.11,14.0
USG00622,CUST0035,2026-05-01,Data,3020.54,8.63
USG00623,CUST0035,2026-05-01,Voice,734.92,25.9
USG00624,CUST0035,2026-05-01,SMS,255.19,7.0
USG00625,CUST0035,2026-06-01,Data,3311.12,9.46
USG00626,CUST0035,2026-06-01,Voice,1217.46,291.3
USG00627,CUST0035,2026-06-01,SMS,182.17,10.0
USG00628,CUST0035,2026-07-01,Data,3118.46,8.91
USG00629,CUST0035,2026-07-01,Voice,1756.36,299.1
USG00630,CUST0035,2026-07-01,SMS,165.69,29.0
USG00631,CUST0036,2026-02-01,Data,2757.3,7.88
USG00632,CUST0036,2026-02-01,Voice,350.8,192.3
USG00633,CUST0036,2026-02-01,SMS,93.03,8.0
USG00634,CUST0036,2026-03-01,Data,1302.95,3.72
USG00635,CUST0036,2026-03-01,Voice,428.49,212.1
USG00636,CUST0036,2026-03-01,SMS,190.78,25.0
USG00637,CUST0036,2026-04-01,Data,2509.81,7.17
USG00638,CUST0036,2026-04-01,Voice,208.13,170.7
USG00639,CUST0036,2026-04-01,SMS,32.7,75.0
USG00640,CUST0036,2026-05-01,Data,2392.51,6.84
USG00641,CUST0036,2026-05-01,Voice,840.85,250.7
USG00642,CUST0036,2026-05-01,SMS,136.55,78.0
USG00643,CUST0036,2026-06-01,Data,2256.29,6.45
USG00644,CUST0036,2026-06-01,Voice,1120.89,164.8
USG00645,CUST0036,2026-06-01,SMS,41.07,45.0
USG00646,CUST0036,2026-07-01,Data,729.87,2.09
USG00647,CUST0036,2026-07-01,Voice,772.12,155.1
USG00648,CUST0036,2026-07-01,SMS,132.06,6.0
USG00649,CUST0037,2026-02-01,Data,906.59,2.59
USG00650,CUST0037,2026-02-01,Voice,665.9,286.1
USG00651,CUST0037,2026-02-01,SMS,89.05,37.0
USG00652,CUST0037,2026-03-01,Data,2258.21,6.45
USG00653,CUST0037,2026-03-01,Voice,783.98,103.7
USG00654,CUST0037,2026-03-01,SMS,93.95,21.0
USG00655,CUST0037,2026-04-01,Data,2911.66,8.32
USG00656,CUST0037,2026-04-01,Voice,287.17,124.1
USG00657,CUST0037,2026-04-01,SMS,24.65,22.0
USG00658,CUST0037,2026-05-01,Data,2429.22,6.94
USG00659,CUST0037,2026-05-01,Voice,361.23,42.4
USG00660,CUST0037,2026-05-01,SMS,105.4,6.0
USG00661,CUST0037,2026-06-01,Data,620.39,1.77
USG00662,CUST0037,2026-06-01,Voice,998.01,236.0
USG00663,CUST0037,2026-06-01,SMS,184.72,69.0
USG00664,CUST0037,2026-07-01,Data,2176.26,6.22
USG00665,CUST0037,2026-07-01,Voice,204.95,239.2
USG00666,CUST0037,2026-07-01,SMS,172.19,65.0
USG00667,CUST0038,2026-02-01,Data,1722.05,4.92
USG00668,CUST0038,2026-02-01,Voice,394.55,256.7
USG00669,CUST0038,2026-02-01,SMS,150.89,79.0
USG00670,CUST0038,2026-03-01,Data,804.8,2.3
USG00671,CUST0038,2026-03-01,Voice,386.95,79.3
USG00672,CUST0038,2026-03-01,SMS,162.66,19.0
USG00673,CUST0038,2026-04-01,Data,573.32,1.64
USG00674,CUST0038,2026-04-01,Voice,1198.49,26.9
USG00675,CUST0038,2026-04-01,SMS,170.34,32.0
USG00676,CUST0038,2026-05-01,Data,2588.2,7.39
USG00677,CUST0038,2026-05-01,Voice,732.35,272.5
USG00678,CUST0038,2026-05-01,SMS,186.71,6.0
USG00679,CUST0038,2026-06-01,Data,596.07,1.7
USG00680,CUST0038,2026-06-01,Voice,412.88,207.4
USG00681,CUST0038,2026-06-01,SMS,179.89,39.0
USG00682,CUST0038,2026-07-01,Data,1978.13,5.65
USG00683,CUST0038,2026-07-01,Voice,347.92,245.4
USG00684,CUST0038,2026-07-01,SMS,194.12,25.0
USG00685,CUST0039,2026-02-01,Data,1686.55,4.82
USG00686,CUST0039,2026-02-01,Voice,240.42,176.6
USG00687,CUST0039,2026-02-01,SMS,110.5,16.0
USG00688,CUST0039,2026-03-01,Data,1549.37,4.43
USG00689,CUST0039,2026-03-01,Voice,500.81,166.1
USG00690,CUST0039,2026-03-01,SMS,125.42,6.0
USG00691,CUST0039,2026-04-01,Data,2378.62,6.8
USG00692,CUST0039,2026-04-01,Voice,898.67,122.6
USG00693,CUST0039,2026-04-01,SMS,29.53,62.0
USG00694,CUST0039,2026-05-01,Data,2883.46,8.24
USG00695,CUST0039,2026-05-01,Voice,402.16,110.6
USG00696,CUST0039,2026-05-01,SMS,53.09,48.0
USG00697,CUST0039,2026-06-01,Data,802.59,2.29
USG00698,CUST0039,2026-06-01,Voice,524.0,215.2
USG00699,CUST0039,2026-06-01,SMS,120.82,34.0
USG00700,CUST0039,2026-07-01,Data,1492.65,4.26
USG00701,CUST0039,2026-07-01,Voice,740.22,21.6
USG00702,CUST0039,2026-07-01,SMS,34.13,71.0
USG00703,CUST0040,2026-02-01,Data,602.49,1.72
USG00704,CUST0040,2026-02-01,Voice,892.14,277.6
USG00705,CUST0040,2026-02-01,SMS,68.72,33.0
USG00706,CUST0040,2026-03-01,Data,1879.2,5.37
USG00707,CUST0040,2026-03-01,Voice,1075.79,283.7
USG00708,CUST0040,2026-03-01,SMS,153.12,11.0
USG00709,CUST0040,2026-04-01,Data,2139.8,6.11
USG00710,CUST0040,2026-04-01,Voice,580.82,151.8
USG00711,CUST0040,2026-04-01,SMS,28.85,19.0
USG00712,CUST0040,2026-05-01,Data,2455.34,7.02
USG00713,CUST0040,2026-05-01,Voice,626.66,104.5
USG00714,CUST0040,2026-05-01,SMS,89.12,69.0
USG00715,CUST0040,2026-06-01,Data,2347.4,6.71
USG00716,CUST0040,2026-06-01,Voice,435.93,52.9
USG00717,CUST0040,2026-06-01,SMS,65.36,74.0
USG00718,CUST0040,2026-07-01,Data,1912.13,5.46
USG00719,CUST0040,2026-07-01,Voice,710.15,187.0
USG00720,CUST0040,2026-07-01,SMS,85.89,66.0
USG00721,CUST0041,2026-02-01,Data,1760.54,5.03
USG00722,CUST0041,2026-02-01,Voice,272.59,56.1
USG00723,CUST0041,2026-02-01,SMS,116.63,75.0
USG00724,CUST0041,2026-03-01,Data,1201.72,3.43
USG00725,CUST0041,2026-03-01,Voice,1063.02,233.9
USG00726,CUST0041,2026-03-01,SMS,64.61,8.0
USG00727,CUST0041,2026-04-01,Data,664.8,1.9
USG00728,CUST0041,2026-04-01,Voice,914.92,75.9
USG00729,CUST0041,2026-04-01,SMS,86.83,43.0
USG00730,CUST0041,2026-05-01,Data,2286.22,6.53
USG00731,CUST0041,2026-05-01,Voice,268.89,133.8
USG00732,CUST0041,2026-05-01,SMS,107.31,46.0
USG00733,CUST0041,2026-06-01,Data,2527.74,7.22
USG00734,CUST0041,2026-06-01,Voice,330.26,246.2
USG00735,CUST0041,2026-06-01,SMS,144.72,47.0
USG00736,CUST0041,2026-07-01,Data,2218.77,6.34
USG00737,CUST0041,2026-07-01,Voice,582.62,58.8
USG00738,CUST0041,2026-07-01,SMS,139.84,44.0
USG00739,CUST0042,2026-02-01,Data,2062.37,5.89
USG00740,CUST0042,2026-02-01,Voice,504.9,273.9
USG00741,CUST0042,2026-02-01,SMS,125.73,11.0
USG00742,CUST0042,2026-03-01,Data,1569.49,4.48
USG00743,CUST0042,2026-03-01,Voice,944.17,242.4
USG00744,CUST0042,2026-03-01,SMS,109.03,72.0
USG00745,CUST0042,2026-04-01,Data,1095.94,3.13
USG00746,CUST0042,2026-04-01,Voice,581.13,271.6
USG00747,CUST0042,2026-04-01,SMS,181.33,56.0
USG00748,CUST0042,2026-05-01,Data,2633.35,7.52
USG00749,CUST0042,2026-05-01,Voice,243.21,262.2
USG00750,CUST0042,2026-05-01,SMS,77.71,18.0
USG00751,CUST0042,2026-06-01,Data,1022.36,2.92
USG00752,CUST0042,2026-06-01,Voice,588.87,90.3
USG00753,CUST0042,2026-06-01,SMS,77.7,15.0
USG00754,CUST0042,2026-07-01,Data,1170.06,3.34
USG00755,CUST0042,2026-07-01,Voice,750.9,143.7
USG00756,CUST0042,2026-07-01,SMS,82.41,61.0
USG00757,CUST0043,2026-02-01,Data,2723.13,7.78
USG00758,CUST0043,2026-02-01,Voice,944.63,113.0
USG00759,CUST0043,2026-02-01,SMS,154.0,16.0
USG00760,CUST0043,2026-03-01,Data,738.83,2.11
USG00761,CUST0043,2026-03-01,Voice,512.91,246.2
USG00762,CUST0043,2026-03-01,SMS,64.34,10.0
USG00763,CUST0043,2026-04-01,Data,742.44,2.12
USG00764,CUST0043,2026-04-01,Voice,1051.68,197.5
USG00765,CUST0043,2026-04-01,SMS,65.58,47.0
USG00766,CUST0043,2026-05-01,Data,1771.71,5.06
USG00767,CUST0043,2026-05-01,Voice,838.21,85.3
USG00768,CUST0043,2026-05-01,SMS,175.59,28.0
USG00769,CUST0043,2026-06-01,Data,2204.74,6.3
USG00770,CUST0043,2026-06-01,Voice,166.93,124.3
USG00771,CUST0043,2026-06-01,SMS,83.31,46.0
USG00772,CUST0043,2026-07-01,Data,589.11,1.68
USG00773,CUST0043,2026-07-01,Voice,979.64,81.0
USG00774,CUST0043,2026-07-01,SMS,141.87,65.0
USG00775,CUST0044,2026-02-01,Data,1860.88,5.32
USG00776,CUST0044,2026-02-01,Voice,927.93,205.3
USG00777,CUST0044,2026-02-01,SMS,84.0,66.0
USG00778,CUST0044,2026-03-01,Data,1166.22,3.33
USG00779,CUST0044,2026-03-01,Voice,749.77,228.7
USG00780,CUST0044,2026-03-01,SMS,88.21,28.0
USG00781,CUST0044,2026-04-01,Data,1594.3,4.56
USG00782,CUST0044,2026-04-01,Voice,1008.86,280.4
USG00783,CUST0044,2026-04-01,SMS,118.12,55.0
USG00784,CUST0044,2026-05-01,Data,2748.51,7.85
USG00785,CUST0044,2026-05-01,Voice,253.47,85.0
USG00786,CUST0044,2026-05-01,SMS,147.6,67.0
USG00787,CUST0044,2026-06-01,Data,2628.28,7.51
USG00788,CUST0044,2026-06-01,Voice,585.86,45.0
USG00789,CUST0044,2026-06-01,SMS,98.8,22.0
USG00790,CUST0044,2026-07-01,Data,1157.11,3.31
USG00791,CUST0044,2026-07-01,Voice,960.88,41.1
USG00792,CUST0044,2026-07-01,SMS,168.96,37.0
USG00793,CUST0045,2026-02-01,Data,1949.77,5.57
USG00794,CUST0045,2026-02-01,Voice,244.13,114.5
USG00795,CUST0045,2026-02-01,SMS,36.15,77.0
USG00796,CUST0045,2026-03-01,Data,2498.88,7.14
USG00797,CUST0045,2026-03-01,Voice,632.61,82.6
USG00798,CUST0045,2026-03-01,SMS,188.02,31.0
USG00799,CUST0045,2026-04-01,Data,818.56,2.34
USG00800,CUST0045,2026-04-01,Voice,741.32,284.3
USG00801,CUST0045,2026-04-01,SMS,20.69,23.0
USG00802,CUST0045,2026-05-01,Data,2839.96,8.11
USG00803,CUST0045,2026-05-01,Voice,329.64,51.7
USG00804,CUST0045,2026-05-01,SMS,122.63,70.0
USG00805,CUST0045,2026-06-01,Data,1640.49,4.69
USG00806,CUST0045,2026-06-01,Voice,1194.29,210.2
USG00807,CUST0045,2026-06-01,SMS,33.33,79.0
USG00808,CUST0045,2026-07-01,Data,1460.53,4.17
USG00809,CUST0045,2026-07-01,Voice,451.77,176.2
USG00810,CUST0045,2026-07-01,SMS,74.78,11.0
USG00811,CUST0046,2026-02-01,Data,403.71,1.15
USG00812,CUST0046,2026-02-01,Voice,622.06,254.3
USG00813,CUST0046,2026-02-01,SMS,123.02,80.0
USG00814,CUST0046,2026-03-01,Data,1145.8,3.27
USG00815,CUST0046,2026-03-01,Voice,444.48,64.7
USG00816,CUST0046,2026-03-01,SMS,49.53,26.0
USG00817,CUST0046,2026-04-01,Data,2461.38,7.03
USG00818,CUST0046,2026-04-01,Voice,1101.04,293.0
USG00819,CUST0046,2026-04-01,SMS,61.81,71.0
USG00820,CUST0046,2026-05-01,Data,1253.46,3.58
USG00821,CUST0046,2026-05-01,Voice,268.48,263.6
USG00822,CUST0046,2026-05-01,SMS,134.5,17.0
USG00823,CUST0046,2026-06-01,Data,1517.56,4.34
USG00824,CUST0046,2026-06-01,Voice,451.62,226.3
USG00825,CUST0046,2026-06-01,SMS,101.61,79.0
USG00826,CUST0046,2026-07-01,Data,542.34,1.55
USG00827,CUST0046,2026-07-01,Voice,522.77,154.9
USG00828,CUST0046,2026-07-01,SMS,110.56,29.0
USG00829,CUST0047,2026-02-01,Data,2296.02,6.56
USG00830,CUST0047,2026-02-01,Voice,1068.48,282.8
USG00831,CUST0047,2026-02-01,SMS,164.92,69.0
USG00832,CUST0047,2026-03-01,Data,1831.42,5.23
USG00833,CUST0047,2026-03-01,Voice,1017.18,105.0
USG00834,CUST0047,2026-03-01,SMS,91.73,29.0
USG00835,CUST0047,2026-04-01,Data,1615.21,4.61
USG00836,CUST0047,2026-04-01,Voice,449.86,289.3
USG00837,CUST0047,2026-04-01,SMS,76.31,12.0
USG00838,CUST0047,2026-05-01,Data,1769.72,5.06
USG00839,CUST0047,2026-05-01,Voice,209.95,51.0
USG00840,CUST0047,2026-05-01,SMS,59.49,40.0
USG00841,CUST0047,2026-06-01,Data,1526.45,4.36
USG00842,CUST0047,2026-06-01,Voice,989.68,227.1
USG00843,CUST0047,2026-06-01,SMS,96.74,30.0
USG00844,CUST0047,2026-07-01,Data,1222.82,3.49
USG00845,CUST0047,2026-07-01,Voice,962.69,34.6
USG00846,CUST0047,2026-07-01,SMS,22.31,65.0
USG00847,CUST0048,2026-02-01,Data,1640.58,4.69
USG00848,CUST0048,2026-02-01,Voice,287.43,86.0
USG00849,CUST0048,2026-02-01,SMS,187.85,69.0
USG00850,CUST0048,2026-03-01,Data,2245.44,6.42
USG00851,CUST0048,2026-03-01,Voice,656.34,165.7
USG00852,CUST0048,2026-03-01,SMS,195.54,77.0
USG00853,CUST0048,2026-04-01,Data,959.7,2.74
USG00854,CUST0048,2026-04-01,Voice,1001.66,75.2
USG00855,CUST0048,2026-04-01,SMS,58.44,56.0
USG00856,CUST0048,2026-05-01,Data,1453.0,4.15
USG00857,CUST0048,2026-05-01,Voice,1128.12,44.9
USG00858,CUST0048,2026-05-01,SMS,112.07,74.0
USG00859,CUST0048,2026-06-01,Data,2750.7,7.86
USG00860,CUST0048,2026-06-01,Voice,314.36,122.7
USG00861,CUST0048,2026-06-01,SMS,131.44,17.0
USG00862,CUST0048,2026-07-01,Data,2916.86,8.33
USG00863,CUST0048,2026-07-01,Voice,1110.49,66.7
USG00864,CUST0048,2026-07-01,SMS,41.81,11.0
USG00865,CUST0049,2026-02-01,Data,2764.55,7.9
USG00866,CUST0049,2026-02-01,Voice,353.31,136.6
USG00867,CUST0049,2026-02-01,SMS,100.79,50.0
USG00868,CUST0049,2026-03-01,Data,586.51,1.68
USG00869,CUST0049,2026-03-01,Voice,388.1,280.8
USG00870,CUST0049,2026-03-01,SMS,183.51,64.0
USG00871,CUST0049,2026-04-01,Data,450.44,1.29
USG00872,CUST0049,2026-04-01,Voice,493.36,195.8
USG00873,CUST0049,2026-04-01,SMS,69.53,73.0
USG00874,CUST0049,2026-05-01,Data,2048.11,5.85
USG00875,CUST0049,2026-05-01,Voice,225.5,274.5
USG00876,CUST0049,2026-05-01,SMS,192.4,11.0
USG00877,CUST0049,2026-06-01,Data,1784.14,5.1
USG00878,CUST0049,2026-06-01,Voice,468.53,130.0
USG00879,CUST0049,2026-06-01,SMS,52.34,48.0
USG00880,CUST0049,2026-07-01,Data,2890.75,8.26
USG00881,CUST0049,2026-07-01,Voice,678.23,43.2
USG00882,CUST0049,2026-07-01,SMS,131.6,31.0
USG00883,CUST0050,2026-02-01,Data,2625.41,7.5
USG00884,CUST0050,2026-02-01,Voice,606.41,74.0
USG00885,CUST0050,2026-02-01,SMS,54.4,63.0
USG00886,CUST0050,2026-03-01,Data,1090.53,3.12
USG00887,CUST0050,2026-03-01,Voice,955.6,77.6
USG00888,CUST0050,2026-03-01,SMS,77.9,40.0
USG00889,CUST0050,2026-04-01,Data,2852.31,8.15
USG00890,CUST0050,2026-04-01,Voice,1128.32,77.9
USG00891,CUST0050,2026-04-01,SMS,84.48,16.0
USG00892,CUST0050,2026-05-01,Data,1725.96,4.93
USG00893,CUST0050,2026-05-01,Voice,633.61,272.2
USG00894,CUST0050,2026-05-01,SMS,187.4,34.0
USG00895,CUST0050,2026-06-01,Data,1678.52,4.8
USG00896,CUST0050,2026-06-01,Voice,1091.05,245.9
USG00897,CUST0050,2026-06-01,SMS,20.66,29.0
USG00898,CUST0050,2026-07-01,Data,1496.61,4.28
USG00899,CUST0050,2026-07-01,Voice,391.2,75.9
USG00900,CUST0050,2026-07-01,SMS,26.8,53.0
USG00901,CUST0051,2026-02-01,Data,1082.53,3.09
USG00902,CUST0051,2026-02-01,Voice,204.96,84.7
USG00903,CUST0051,2026-02-01,SMS,164.34,69.0
USG00904,CUST0051,2026-03-01,Data,1655.97,4.73
USG00905,CUST0051,2026-03-01,Voice,586.87,293.8
USG00906,CUST0051,2026-03-01,SMS,56.1,21.0
USG00907,CUST0051,2026-04-01,Data,1158.85,3.31
USG00908,CUST0051,2026-04-01,Voice,331.4,126.2
USG00909,CUST0051,2026-04-01,SMS,183.95,51.0
USG00910,CUST0051,2026-05-01,Data,1471.06,4.2
USG00911,CUST0051,2026-05-01,Voice,1131.13,33.6
USG00912,CUST0051,2026-05-01,SMS,57.85,47.0
USG00913,CUST0051,2026-06-01,Data,2000.44,5.72
USG00914,CUST0051,2026-06-01,Voice,191.54,132.9
USG00915,CUST0051,2026-06-01,SMS,136.85,57.0
USG00916,CUST0051,2026-07-01,Data,2059.16,5.88
USG00917,CUST0051,2026-07-01,Voice,486.59,46.2
USG00918,CUST0051,2026-07-01,SMS,96.88,15.0
USG00919,CUST0052,2026-02-01,Data,2863.82,8.18
USG00920,CUST0052,2026-02-01,Voice,648.93,108.8
USG00921,CUST0052,2026-02-01,SMS,157.93,42.0
USG00922,CUST0052,2026-03-01,Data,1206.09,3.45
USG00923,CUST0052,2026-03-01,Voice,1002.57,262.8
USG00924,CUST0052,2026-03-01,SMS,141.14,9.0
USG00925,CUST0052,2026-04-01,Data,1872.44,5.35
USG00926,CUST0052,2026-04-01,Voice,951.46,58.2
USG00927,CUST0052,2026-04-01,SMS,61.16,71.0
USG00928,CUST0052,2026-05-01,Data,452.32,1.29
USG00929,CUST0052,2026-05-01,Voice,940.36,152.7
USG00930,CUST0052,2026-05-01,SMS,100.42,6.0
USG00931,CUST0052,2026-06-01,Data,2530.44,7.23
USG00932,CUST0052,2026-06-01,Voice,527.82,171.4
USG00933,CUST0052,2026-06-01,SMS,141.91,58.0
USG00934,CUST0052,2026-07-01,Data,2885.55,8.24
USG00935,CUST0052,2026-07-01,Voice,707.91,131.9
USG00936,CUST0052,2026-07-01,SMS,191.67,53.0
USG00937,CUST0053,2026-02-01,Data,1175.19,3.36
USG00938,CUST0053,2026-02-01,Voice,282.79,255.9
USG00939,CUST0053,2026-02-01,SMS,85.19,55.0
USG00940,CUST0053,2026-03-01,Data,1624.12,4.64
USG00941,CUST0053,2026-03-01,Voice,358.88,188.5
USG00942,CUST0053,2026-03-01,SMS,30.92,36.0
USG00943,CUST0053,2026-04-01,Data,1821.2,5.2
USG00944,CUST0053,2026-04-01,Voice,607.85,229.6
USG00945,CUST0053,2026-04-01,SMS,169.03,63.0
USG00946,CUST0053,2026-05-01,Data,500.91,1.43
USG00947,CUST0053,2026-05-01,Voice,353.84,170.3
USG00948,CUST0053,2026-05-01,SMS,188.27,68.0
USG00949,CUST0053,2026-06-01,Data,2590.59,7.4
USG00950,CUST0053,2026-06-01,Voice,468.37,140.2
USG00951,CUST0053,2026-06-01,SMS,104.73,17.0
USG00952,CUST0053,2026-07-01,Data,480.78,1.37
USG00953,CUST0053,2026-07-01,Voice,1144.25,87.4
USG00954,CUST0053,2026-07-01,SMS,63.19,11.0
USG00955,CUST0054,2026-02-01,Data,2814.12,8.04
USG00956,CUST0054,2026-02-01,Voice,758.72,206.8
USG00957,CUST0054,2026-02-01,SMS,184.08,31.0
USG00958,CUST0054,2026-03-01,Data,2015.92,5.76
USG00959,CUST0054,2026-03-01,Voice,190.74,72.3
USG00960,CUST0054,2026-03-01,SMS,169.62,63.0
USG00961,CUST0054,2026-04-01,Data,1311.67,3.75
USG00962,CUST0054,2026-04-01,Voice,545.65,169.4
USG00963,CUST0054,2026-04-01,SMS,20.04,23.0
USG00964,CUST0054,2026-05-01,Data,941.4,2.69
USG00965,CUST0054,2026-05-01,Voice,413.01,245.7
USG00966,CUST0054,2026-05-01,SMS,70.34,19.0
USG00967,CUST0054,2026-06-01,Data,1711.08,4.89
USG00968,CUST0054,2026-06-01,Voice,1058.93,87.6
USG00969,CUST0054,2026-06-01,SMS,34.14,32.0
USG00970,CUST0054,2026-07-01,Data,2343.89,6.7
USG00971,CUST0054,2026-07-01,Voice,728.23,248.7
USG00972,CUST0054,2026-07-01,SMS,192.73,64.0
USG00973,CUST0055,2026-02-01,Data,1969.89,5.63
USG00974,CUST0055,2026-02-01,Voice,668.01,31.2
USG00975,CUST0055,2026-02-01,SMS,197.18,34.0
USG00976,CUST0055,2026-03-01,Data,795.79,2.27
USG00977,CUST0055,2026-03-01,Voice,850.04,99.6
USG00978,CUST0055,2026-03-01,SMS,125.44,49.0
USG00979,CUST0055,2026-04-01,Data,1558.9,4.45
USG00980,CUST0055,2026-04-01,Voice,1027.92,94.2
USG00981,CUST0055,2026-04-01,SMS,100.75,45.0
USG00982,CUST0055,2026-05-01,Data,2125.42,6.07
USG00983,CUST0055,2026-05-01,Voice,973.17,130.5
USG00984,CUST0055,2026-05-01,SMS,136.29,16.0
USG00985,CUST0055,2026-06-01,Data,2824.89,8.07
USG00986,CUST0055,2026-06-01,Voice,552.21,224.3
USG00987,CUST0055,2026-06-01,SMS,23.66,20.0
USG00988,CUST0055,2026-07-01,Data,1666.41,4.76
USG00989,CUST0055,2026-07-01,Voice,1072.17,167.6
USG00990,CUST0055,2026-07-01,SMS,187.38,41.0
USG00991,CUST0056,2026-02-01,Data,1675.17,4.79
USG00992,CUST0056,2026-02-01,Voice,275.73,244.7
USG00993,CUST0056,2026-02-01,SMS,64.45,72.0
USG00994,CUST0056,2026-03-01,Data,2768.14,7.91
USG00995,CUST0056,2026-03-01,Voice,1140.48,165.7
USG00996,CUST0056,2026-03-01,SMS,141.88,63.0
USG00997,CUST0056,2026-04-01,Data,740.64,2.12
USG00998,CUST0056,2026-04-01,Voice,781.01,29.6
USG00999,CUST0056,2026-04-01,SMS,109.56,17.0
USG01000,CUST0056,2026-05-01,Data,875.6,2.5
USG01001,CUST0056,2026-05-01,Voice,533.3,141.1
USG01002,CUST0056,2026-05-01,SMS,132.17,11.0
USG01003,CUST0056,2026-06-01,Data,1709.6,4.88
USG01004,CUST0056,2026-06-01,Voice,341.76,180.7
USG01005,CUST0056,2026-06-01,SMS,134.73,47.0
USG01006,CUST0056,2026-07-01,Data,2319.57,6.63
USG01007,CUST0056,2026-07-01,Voice,502.39,234.2
USG01008,CUST0056,2026-07-01,SMS,97.9,41.0
USG01009,CUST0057,2026-02-01,Data,2085.07,5.96
USG01010,CUST0057,2026-02-01,Voice,169.28,203.1
USG01011,CUST0057,2026-02-01,SMS,131.35,28.0
USG01012,CUST0057,2026-03-01,Data,623.07,1.78
USG01013,CUST0057,2026-03-01,Voice,245.48,278.5
USG01014,CUST0057,2026-03-01,SMS,144.07,15.0
USG01015,CUST0057,2026-04-01,Data,1327.48,3.79
USG01016,CUST0057,2026-04-01,Voice,772.11,254.0
USG01017,CUST0057,2026-04-01,SMS,27.86,23.0
USG01018,CUST0057,2026-05-01,Data,2713.35,7.75
USG01019,CUST0057,2026-05-01,Voice,159.62,76.4
USG01020,CUST0057,2026-05-01,SMS,192.62,51.0
USG01021,CUST0057,2026-06-01,Data,1080.35,3.09
USG01022,CUST0057,2026-06-01,Voice,220.34,27.9
USG01023,CUST0057,2026-06-01,SMS,64.05,71.0
USG01024,CUST0057,2026-07-01,Data,1481.38,4.23
USG01025,CUST0057,2026-07-01,Voice,906.35,277.1
USG01026,CUST0057,2026-07-01,SMS,93.45,19.0
USG01027,CUST0058,2026-02-01,Data,2965.66,8.47
USG01028,CUST0058,2026-02-01,Voice,1875.93,245.2
USG01029,CUST0058,2026-02-01,SMS,54.14,57.0
USG01030,CUST0058,2026-03-01,Data,3207.79,9.17
USG01031,CUST0058,2026-03-01,Voice,1874.82,54.3
USG01032,CUST0058,2026-03-01,SMS,197.42,71.0
USG01033,CUST0058,2026-04-01,Data,2492.31,7.12
USG01034,CUST0058,2026-04-01,Voice,1115.36,39.7
USG01035,CUST0058,2026-04-01,SMS,119.11,29.0
USG01036,CUST0058,2026-05-01,Data,4857.44,13.88
USG01037,CUST0058,2026-05-01,Voice,759.56,149.0
USG01038,CUST0058,2026-05-01,SMS,239.42,17.0
USG01039,CUST0058,2026-06-01,Data,2830.08,8.09
USG01040,CUST0058,2026-06-01,Voice,1573.29,262.7
USG01041,CUST0058,2026-06-01,SMS,225.64,55.0
USG01042,CUST0058,2026-07-01,Data,1238.17,3.54
USG01043,CUST0058,2026-07-01,Voice,1943.21,57.1
USG01044,CUST0058,2026-07-01,SMS,271.05,25.0
USG01045,CUST0059,2026-02-01,Data,2827.34,8.08
USG01046,CUST0059,2026-02-01,Voice,905.96,231.1
USG01047,CUST0059,2026-02-01,SMS,59.43,38.0
USG01048,CUST0059,2026-03-01,Data,2006.31,5.73
USG01049,CUST0059,2026-03-01,Voice,958.47,49.1
USG01050,CUST0059,2026-03-01,SMS,193.23,72.0
USG01051,CUST0059,2026-04-01,Data,1102.91,3.15
USG01052,CUST0059,2026-04-01,Voice,1013.9,165.1
USG01053,CUST0059,2026-04-01,SMS,103.13,29.0
USG01054,CUST0059,2026-05-01,Data,1910.52,5.46
USG01055,CUST0059,2026-05-01,Voice,916.38,135.1
USG01056,CUST0059,2026-05-01,SMS,133.26,57.0
USG01057,CUST0059,2026-06-01,Data,2248.92,6.43
USG01058,CUST0059,2026-06-01,Voice,204.56,260.7
USG01059,CUST0059,2026-06-01,SMS,102.49,25.0
USG01060,CUST0059,2026-07-01,Data,1028.59,2.94
USG01061,CUST0059,2026-07-01,Voice,657.16,268.3
USG01062,CUST0059,2026-07-01,SMS,88.1,61.0
USG01063,CUST0060,2026-02-01,Data,651.73,1.86
USG01064,CUST0060,2026-02-01,Voice,649.86,297.7
USG01065,CUST0060,2026-02-01,SMS,158.68,21.0
USG01066,CUST0060,2026-03-01,Data,1703.75,4.87
USG01067,CUST0060,2026-03-01,Voice,395.31,134.7
USG01068,CUST0060,2026-03-01,SMS,160.42,63.0
USG01069,CUST0060,2026-04-01,Data,993.06,2.84
USG01070,CUST0060,2026-04-01,Voice,1118.33,185.9
USG01071,CUST0060,2026-04-01,SMS,88.39,43.0
USG01072,CUST0060,2026-05-01,Data,1973.19,5.64
USG01073,CUST0060,2026-05-01,Voice,737.89,156.2
USG01074,CUST0060,2026-05-01,SMS,110.89,18.0
USG01075,CUST0060,2026-06-01,Data,2513.11,7.18
USG01076,CUST0060,2026-06-01,Voice,718.85,56.7
USG01077,CUST0060,2026-06-01,SMS,157.91,75.0
USG01078,CUST0060,2026-07-01,Data,2863.0,8.18
USG01079,CUST0060,2026-07-01,Voice,537.47,57.9
USG01080,CUST0060,2026-07-01,SMS,113.31,13.0
USG01081,CUST0061,2026-02-01,Data,4808.22,13.74
USG01082,CUST0061,2026-02-01,Voice,582.69,90.8
USG01083,CUST0061,2026-02-01,SMS,158.43,34.0
USG01084,CUST0061,2026-03-01,Data,4192.41,11.98
USG01085,CUST0061,2026-03-01,Voice,1069.53,67.8
USG01086,CUST0061,2026-03-01,SMS,115.77,43.0
USG01087,CUST0061,2026-04-01,Data,1331.75,3.81
USG01088,CUST0061,2026-04-01,Voice,1346.81,178.4
USG01089,CUST0061,2026-04-01,SMS,252.7,75.0
USG01090,CUST0061,2026-05-01,Data,4712.17,13.46
USG01091,CUST0061,2026-05-01,Voice,1943.74,88.5
USG01092,CUST0061,2026-05-01,SMS,74.26,28.0
USG01093,CUST0061,2026-06-01,Data,4636.28,13.25
USG01094,CUST0061,2026-06-01,Voice,1990.12,260.6
USG01095,CUST0061,2026-06-01,SMS,67.67,76.0
USG01096,CUST0061,2026-07-01,Data,2551.24,7.29
USG01097,CUST0061,2026-07-01,Voice,271.62,143.9
USG01098,CUST0061,2026-07-01,SMS,48.1,46.0
USG01099,CUST0062,2026-02-01,Data,1280.24,3.66
USG01100,CUST0062,2026-02-01,Voice,647.11,191.7
USG01101,CUST0062,2026-02-01,SMS,176.38,55.0
USG01102,CUST0062,2026-03-01,Data,1528.53,4.37
USG01103,CUST0062,2026-03-01,Voice,1010.4,273.6
USG01104,CUST0062,2026-03-01,SMS,41.56,45.0
USG01105,CUST0062,2026-04-01,Data,1139.73,3.26
USG01106,CUST0062,2026-04-01,Voice,199.41,207.2
USG01107,CUST0062,2026-04-01,SMS,175.3,17.0
USG01108,CUST0062,2026-05-01,Data,2512.28,7.18
USG01109,CUST0062,2026-05-01,Voice,1046.07,276.0
USG01110,CUST0062,2026-05-01,SMS,67.75,73.0
USG01111,CUST0062,2026-06-01,Data,1233.72,3.52
USG01112,CUST0062,2026-06-01,Voice,729.95,34.1
USG01113,CUST0062,2026-06-01,SMS,27.9,59.0
USG01114,CUST0062,2026-07-01,Data,1555.65,4.44
USG01115,CUST0062,2026-07-01,Voice,419.11,73.3
USG01116,CUST0062,2026-07-01,SMS,140.59,5.0
USG01117,CUST0063,2026-02-01,Data,2495.32,7.13
USG01118,CUST0063,2026-02-01,Voice,233.21,73.6
USG01119,CUST0063,2026-02-01,SMS,89.52,41.0
USG01120,CUST0063,2026-03-01,Data,1322.99,3.78
USG01121,CUST0063,2026-03-01,Voice,486.75,289.9
USG01122,CUST0063,2026-03-01,SMS,135.48,7.0
USG01123,CUST0063,2026-04-01,Data,1518.46,4.34
USG01124,CUST0063,2026-04-01,Voice,1068.76,104.4
USG01125,CUST0063,2026-04-01,SMS,37.02,62.0
USG01126,CUST0063,2026-05-01,Data,1975.64,5.64
USG01127,CUST0063,2026-05-01,Voice,748.83,35.0
USG01128,CUST0063,2026-05-01,SMS,45.29,52.0
USG01129,CUST0063,2026-06-01,Data,940.34,2.69
USG01130,CUST0063,2026-06-01,Voice,679.27,172.6
USG01131,CUST0063,2026-06-01,SMS,71.03,76.0
USG01132,CUST0063,2026-07-01,Data,2590.41,7.4
USG01133,CUST0063,2026-07-01,Voice,908.49,41.8
USG01134,CUST0063,2026-07-01,SMS,39.1,42.0
USG01135,CUST0064,2026-02-01,Data,1390.35,3.97
USG01136,CUST0064,2026-02-01,Voice,2001.2,64.4
USG01137,CUST0064,2026-02-01,SMS,183.17,32.0
USG01138,CUST0064,2026-03-01,Data,3506.09,10.02
USG01139,CUST0064,2026-03-01,Voice,485.33,140.5
USG01140,CUST0064,2026-03-01,SMS,118.06,72.0
USG01141,CUST0064,2026-04-01,Data,859.39,2.46
USG01142,CUST0064,2026-04-01,Voice,1886.0,253.2
USG01143,CUST0064,2026-04-01,SMS,125.06,64.0
USG01144,CUST0064,2026-05-01,Data,817.96,2.34
USG01145,CUST0064,2026-05-01,Voice,1980.86,167.4
USG01146,CUST0064,2026-05-01,SMS,126.8,32.0
USG01147,CUST0064,2026-06-01,Data,973.51,2.78
USG01148,CUST0064,2026-06-01,Voice,2020.99,31.0
USG01149,CUST0064,2026-06-01,SMS,234.4,38.0
USG01150,CUST0064,2026-07-01,Data,4874.21,13.93
USG01151,CUST0064,2026-07-01,Voice,694.11,169.0
USG01152,CUST0064,2026-07-01,SMS,181.6,58.0
USG01153,CUST0065,2026-02-01,Data,576.83,1.65
USG01154,CUST0065,2026-02-01,Voice,353.48,80.1
USG01155,CUST0065,2026-02-01,SMS,152.87,19.0
USG01156,CUST0065,2026-03-01,Data,1891.08,5.4
USG01157,CUST0065,2026-03-01,Voice,376.01,261.3
USG01158,CUST0065,2026-03-01,SMS,189.59,44.0
USG01159,CUST0065,2026-04-01,Data,1316.0,3.76
USG01160,CUST0065,2026-04-01,Voice,395.76,33.9
USG01161,CUST0065,2026-04-01,SMS,68.33,54.0
USG01162,CUST0065,2026-05-01,Data,1787.4,5.11
USG01163,CUST0065,2026-05-01,Voice,1141.24,131.0
USG01164,CUST0065,2026-05-01,SMS,144.9,42.0
USG01165,CUST0065,2026-06-01,Data,1732.7,4.95
USG01166,CUST0065,2026-06-01,Voice,431.16,147.4
USG01167,CUST0065,2026-06-01,SMS,104.74,58.0
USG01168,CUST0065,2026-07-01,Data,2845.66,8.13
USG01169,CUST0065,2026-07-01,Voice,495.79,31.8
USG01170,CUST0065,2026-07-01,SMS,109.33,46.0
USG01171,CUST0066,2026-02-01,Data,837.95,2.39
USG01172,CUST0066,2026-02-01,Voice,948.49,295.8
USG01173,CUST0066,2026-02-01,SMS,190.24,20.0
USG01174,CUST0066,2026-03-01,Data,2675.94,7.65
USG01175,CUST0066,2026-03-01,Voice,889.72,147.1
USG01176,CUST0066,2026-03-01,SMS,117.31,69.0
USG01177,CUST0066,2026-04-01,Data,1648.35,4.71
USG01178,CUST0066,2026-04-01,Voice,541.87,158.1
USG01179,CUST0066,2026-04-01,SMS,124.24,19.0
USG01180,CUST0066,2026-05-01,Data,2742.36,7.84
USG01181,CUST0066,2026-05-01,Voice,857.9,197.3
USG01182,CUST0066,2026-05-01,SMS,37.91,50.0
USG01183,CUST0066,2026-06-01,Data,714.5,2.04
USG01184,CUST0066,2026-06-01,Voice,232.63,167.6
USG01185,CUST0066,2026-06-01,SMS,92.5,49.0
USG01186,CUST0066,2026-07-01,Data,631.98,1.81
USG01187,CUST0066,2026-07-01,Voice,602.53,68.9
USG01188,CUST0066,2026-07-01,SMS,197.68,47.0
USG01189,CUST0067,2026-02-01,Data,2187.34,6.25
USG01190,CUST0067,2026-02-01,Voice,491.69,46.5
USG01191,CUST0067,2026-02-01,SMS,195.66,26.0
USG01192,CUST0067,2026-03-01,Data,1501.9,4.29
USG01193,CUST0067,2026-03-01,Voice,832.36,26.9
USG01194,CUST0067,2026-03-01,SMS,165.85,45.0
USG01195,CUST0067,2026-04-01,Data,1123.36,3.21
USG01196,CUST0067,2026-04-01,Voice,214.69,65.5
USG01197,CUST0067,2026-04-01,SMS,181.11,56.0
USG01198,CUST0067,2026-05-01,Data,1049.74,3.0
USG01199,CUST0067,2026-05-01,Voice,218.88,213.4
USG01200,CUST0067,2026-05-01,SMS,123.03,35.0
USG01201,CUST0067,2026-06-01,Data,1345.39,3.84
USG01202,CUST0067,2026-06-01,Voice,377.65,207.5
USG01203,CUST0067,2026-06-01,SMS,194.72,18.0
USG01204,CUST0067,2026-07-01,Data,1952.5,5.58
USG01205,CUST0067,2026-07-01,Voice,595.39,145.1
USG01206,CUST0067,2026-07-01,SMS,65.75,67.0
USG01207,CUST0068,2026-02-01,Data,1661.66,4.75
USG01208,CUST0068,2026-02-01,Voice,720.58,105.3
USG01209,CUST0068,2026-02-01,SMS,52.73,11.0
USG01210,CUST0068,2026-03-01,Data,2256.71,6.45
USG01211,CUST0068,2026-03-01,Voice,356.05,213.2
USG01212,CUST0068,2026-03-01,SMS,90.27,36.0
USG01213,CUST0068,2026-04-01,Data,1619.86,4.63
USG01214,CUST0068,2026-04-01,Voice,536.09,48.2
USG01215,CUST0068,2026-04-01,SMS,75.73,55.0
USG01216,CUST0068,2026-05-01,Data,2131.04,6.09
USG01217,CUST0068,2026-05-01,Voice,450.54,148.8
USG01218,CUST0068,2026-05-01,SMS,54.82,21.0
USG01219,CUST0068,2026-06-01,Data,459.92,1.31
USG01220,CUST0068,2026-06-01,Voice,1091.58,79.0
USG01221,CUST0068,2026-06-01,SMS,60.96,26.0
USG01222,CUST0068,2026-07-01,Data,731.26,2.09
USG01223,CUST0068,2026-07-01,Voice,821.23,41.0
USG01224,CUST0068,2026-07-01,SMS,44.16,53.0
USG01225,CUST0069,2026-02-01,Data,1283.12,3.67
USG01226,CUST0069,2026-02-01,Voice,893.35,176.1
USG01227,CUST0069,2026-02-01,SMS,66.08,54.0
USG01228,CUST0069,2026-03-01,Data,702.31,2.01
USG01229,CUST0069,2026-03-01,Voice,713.23,142.4
USG01230,CUST0069,2026-03-01,SMS,68.22,50.0
USG01231,CUST0069,2026-04-01,Data,2665.47,7.62
USG01232,CUST0069,2026-04-01,Voice,1198.85,190.2
USG01233,CUST0069,2026-04-01,SMS,92.85,22.0
USG01234,CUST0069,2026-05-01,Data,1068.45,3.05
USG01235,CUST0069,2026-05-01,Voice,653.43,122.8
USG01236,CUST0069,2026-05-01,SMS,184.49,33.0
USG01237,CUST0069,2026-06-01,Data,1370.96,3.92
USG01238,CUST0069,2026-06-01,Voice,552.71,254.3
USG01239,CUST0069,2026-06-01,SMS,137.14,51.0
USG01240,CUST0069,2026-07-01,Data,1268.77,3.63
USG01241,CUST0069,2026-07-01,Voice,1008.8,30.7
USG01242,CUST0069,2026-07-01,SMS,176.74,43.0
USG01243,CUST0070,2026-02-01,Data,2440.27,6.97
USG01244,CUST0070,2026-02-01,Voice,1142.44,206.9
USG01245,CUST0070,2026-02-01,SMS,37.91,70.0
USG01246,CUST0070,2026-03-01,Data,2654.59,7.58
USG01247,CUST0070,2026-03-01,Voice,867.2,58.7
USG01248,CUST0070,2026-03-01,SMS,168.48,42.0
USG01249,CUST0070,2026-04-01,Data,2464.12,7.04
USG01250,CUST0070,2026-04-01,Voice,1466.41,137.9
USG01251,CUST0070,2026-04-01,SMS,328.19,50.0
USG01252,CUST0070,2026-05-01,Data,4249.05,12.14
USG01253,CUST0070,2026-05-01,Voice,450.2,131.2
USG01254,CUST0070,2026-05-01,SMS,137.08,48.0
USG01255,CUST0070,2026-06-01,Data,4486.12,12.82
USG01256,CUST0070,2026-06-01,Voice,394.83,40.3
USG01257,CUST0070,2026-06-01,SMS,294.2,21.0
USG01258,CUST0070,2026-07-01,Data,3635.89,10.39
USG01259,CUST0070,2026-07-01,Voice,1224.04,253.2
USG01260,CUST0070,2026-07-01,SMS,72.28,15.0
USG01261,CUST0071,2026-02-01,Data,1847.73,5.28
USG01262,CUST0071,2026-02-01,Voice,1143.7,136.2
USG01263,CUST0071,2026-02-01,SMS,78.85,51.0
USG01264,CUST0071,2026-03-01,Data,2819.17,8.05
USG01265,CUST0071,2026-03-01,Voice,1028.77,298.7
USG01266,CUST0071,2026-03-01,SMS,24.06,13.0
USG01267,CUST0071,2026-04-01,Data,1984.62,5.67
USG01268,CUST0071,2026-04-01,Voice,1011.61,99.9
USG01269,CUST0071,2026-04-01,SMS,63.06,64.0
USG01270,CUST0071,2026-05-01,Data,546.59,1.56
USG01271,CUST0071,2026-05-01,Voice,537.85,161.6
USG01272,CUST0071,2026-05-01,SMS,120.86,60.0
USG01273,CUST0071,2026-06-01,Data,1322.6,3.78
USG01274,CUST0071,2026-06-01,Voice,793.32,183.9
USG01275,CUST0071,2026-06-01,SMS,118.57,53.0
USG01276,CUST0071,2026-07-01,Data,1074.57,3.07
USG01277,CUST0071,2026-07-01,Voice,238.88,53.4
USG01278,CUST0071,2026-07-01,SMS,60.42,43.0
USG01279,CUST0072,2026-02-01,Data,2585.15,7.39
USG01280,CUST0072,2026-02-01,Voice,886.36,240.9
USG01281,CUST0072,2026-02-01,SMS,83.18,35.0
USG01282,CUST0072,2026-03-01,Data,1423.57,4.07
USG01283,CUST0072,2026-03-01,Voice,351.47,37.1
USG01284,CUST0072,2026-03-01,SMS,126.36,79.0
USG01285,CUST0072,2026-04-01,Data,833.76,2.38
USG01286,CUST0072,2026-04-01,Voice,199.02,238.3
USG01287,CUST0072,2026-04-01,SMS,65.47,67.0
USG01288,CUST0072,2026-05-01,Data,2230.24,6.37
USG01289,CUST0072,2026-05-01,Voice,1142.96,134.5
USG01290,CUST0072,2026-05-01,SMS,139.15,40.0
USG01291,CUST0072,2026-06-01,Data,2039.53,5.83
USG01292,CUST0072,2026-06-01,Voice,622.08,72.8
USG01293,CUST0072,2026-06-01,SMS,111.42,45.0
USG01294,CUST0072,2026-07-01,Data,2507.57,7.16
USG01295,CUST0072,2026-07-01,Voice,922.3,205.9
USG01296,CUST0072,2026-07-01,SMS,40.41,59.0
USG01297,CUST0073,2026-02-01,Data,1700.79,4.86
USG01298,CUST0073,2026-02-01,Voice,1088.8,277.6
USG01299,CUST0073,2026-02-01,SMS,29.93,67.0
USG01300,CUST0073,2026-03-01,Data,498.01,1.42
USG01301,CUST0073,2026-03-01,Voice,535.53,171.8
USG01302,CUST0073,2026-03-01,SMS,46.66,61.0
USG01303,CUST0073,2026-04-01,Data,421.72,1.2
USG01304,CUST0073,2026-04-01,Voice,327.03,182.6
USG01305,CUST0073,2026-04-01,SMS,148.59,74.0
USG01306,CUST0073,2026-05-01,Data,2234.29,6.38
USG01307,CUST0073,2026-05-01,Voice,855.37,130.4
USG01308,CUST0073,2026-05-01,SMS,20.23,14.0
USG01309,CUST0073,2026-06-01,Data,1789.84,5.11
USG01310,CUST0073,2026-06-01,Voice,858.89,136.9
USG01311,CUST0073,2026-06-01,SMS,151.52,44.0
USG01312,CUST0073,2026-07-01,Data,592.86,1.69
USG01313,CUST0073,2026-07-01,Voice,351.62,255.2
USG01314,CUST0073,2026-07-01,SMS,150.48,72.0
USG01315,CUST0074,2026-02-01,Data,705.65,2.02
USG01316,CUST0074,2026-02-01,Voice,1189.73,78.6
USG01317,CUST0074,2026-02-01,SMS,22.12,80.0
USG01318,CUST0074,2026-03-01,Data,1130.79,3.23
USG01319,CUST0074,2026-03-01,Voice,851.42,69.5
USG01320,CUST0074,2026-03-01,SMS,124.44,73.0
USG01321,CUST0074,2026-04-01,Data,1232.47,3.52
USG01322,CUST0074,2026-04-01,Voice,853.77,72.6
USG01323,CUST0074,2026-04-01,SMS,132.46,30.0
USG01324,CUST0074,2026-05-01,Data,949.14,2.71
USG01325,CUST0074,2026-05-01,Voice,478.84,70.1
USG01326,CUST0074,2026-05-01,SMS,182.34,35.0
USG01327,CUST0074,2026-06-01,Data,1037.73,2.96
USG01328,CUST0074,2026-06-01,Voice,620.83,109.8
USG01329,CUST0074,2026-06-01,SMS,154.0,78.0
USG01330,CUST0074,2026-07-01,Data,1538.89,4.4
USG01331,CUST0074,2026-07-01,Voice,1054.09,178.4
USG01332,CUST0074,2026-07-01,SMS,48.3,57.0
USG01333,CUST0075,2026-02-01,Data,1734.93,4.96
USG01334,CUST0075,2026-02-01,Voice,833.14,269.1
USG01335,CUST0075,2026-02-01,SMS,99.28,73.0
USG01336,CUST0075,2026-03-01,Data,2351.74,6.72
USG01337,CUST0075,2026-03-01,Voice,663.04,188.9
USG01338,CUST0075,2026-03-01,SMS,78.6,79.0
USG01339,CUST0075,2026-04-01,Data,2135.11,6.1
USG01340,CUST0075,2026-04-01,Voice,196.04,111.5
USG01341,CUST0075,2026-04-01,SMS,132.2,9.0
USG01342,CUST0075,2026-05-01,Data,462.1,1.32
USG01343,CUST0075,2026-05-01,Voice,622.53,113.2
USG01344,CUST0075,2026-05-01,SMS,98.89,25.0
USG01345,CUST0075,2026-06-01,Data,828.27,2.37
USG01346,CUST0075,2026-06-01,Voice,873.6,164.1
USG01347,CUST0075,2026-06-01,SMS,56.03,29.0
USG01348,CUST0075,2026-07-01,Data,1938.7,5.54
USG01349,CUST0075,2026-07-01,Voice,225.84,61.3
USG01350,CUST0075,2026-07-01,SMS,33.18,66.0
USG01351,CUST0076,2026-02-01,Data,2356.26,6.73
USG01352,CUST0076,2026-02-01,Voice,940.98,220.6
USG01353,CUST0076,2026-02-01,SMS,140.49,41.0
USG01354,CUST0076,2026-03-01,Data,2069.92,5.91
USG01355,CUST0076,2026-03-01,Voice,190.28,194.0
USG01356,CUST0076,2026-03-01,SMS,160.02,43.0
USG01357,CUST0076,2026-04-01,Data,1329.53,3.8
USG01358,CUST0076,2026-04-01,Voice,441.3,200.0
USG01359,CUST0076,2026-04-01,SMS,144.7,70.0
USG01360,CUST0076,2026-05-01,Data,1290.07,3.69
USG01361,CUST0076,2026-05-01,Voice,958.26,177.2
USG01362,CUST0076,2026-05-01,SMS,178.91,45.0
USG01363,CUST0076,2026-06-01,Data,1745.84,4.99
USG01364,CUST0076,2026-06-01,Voice,756.77,229.8
USG01365,CUST0076,2026-06-01,SMS,193.64,11.0
USG01366,CUST0076,2026-07-01,Data,538.93,1.54
USG01367,CUST0076,2026-07-01,Voice,1134.43,168.4
USG01368,CUST0076,2026-07-01,SMS,130.68,41.0
USG01369,CUST0077,2026-02-01,Data,643.51,1.84
USG01370,CUST0077,2026-02-01,Voice,956.49,229.2
USG01371,CUST0077,2026-02-01,SMS,76.11,28.0
USG01372,CUST0077,2026-03-01,Data,2578.39,7.37
USG01373,CUST0077,2026-03-01,Voice,225.98,266.7
USG01374,CUST0077,2026-03-01,SMS,66.2,49.0
USG01375,CUST0077,2026-04-01,Data,2833.58,8.1
USG01376,CUST0077,2026-04-01,Voice,862.03,136.0
USG01377,CUST0077,2026-04-01,SMS,144.12,31.0
USG01378,CUST0077,2026-05-01,Data,1120.87,3.2
USG01379,CUST0077,2026-05-01,Voice,1196.52,230.2
USG01380,CUST0077,2026-05-01,SMS,136.05,32.0
USG01381,CUST0077,2026-06-01,Data,527.82,1.51
USG01382,CUST0077,2026-06-01,Voice,182.61,175.2
USG01383,CUST0077,2026-06-01,SMS,157.17,45.0
USG01384,CUST0077,2026-07-01,Data,2586.04,7.39
USG01385,CUST0077,2026-07-01,Voice,185.1,122.7
USG01386,CUST0077,2026-07-01,SMS,62.67,39.0
USG01387,CUST0078,2026-02-01,Data,588.18,1.68
USG01388,CUST0078,2026-02-01,Voice,1151.84,82.5
USG01389,CUST0078,2026-02-01,SMS,186.02,37.0
USG01390,CUST0078,2026-03-01,Data,2962.36,8.46
USG01391,CUST0078,2026-03-01,Voice,731.76,280.6
USG01392,CUST0078,2026-03-01,SMS,20.96,61.0
USG01393,CUST0078,2026-04-01,Data,2747.93,7.85
USG01394,CUST0078,2026-04-01,Voice,296.71,46.9
USG01395,CUST0078,2026-04-01,SMS,96.42,75.0
USG01396,CUST0078,2026-05-01,Data,1810.21,5.17
USG01397,CUST0078,2026-05-01,Voice,703.83,59.5
USG01398,CUST0078,2026-05-01,SMS,20.14,66.0
USG01399,CUST0078,2026-06-01,Data,627.69,1.79
USG01400,CUST0078,2026-06-01,Voice,815.54,276.1
USG01401,CUST0078,2026-06-01,SMS,57.56,55.0
USG01402,CUST0078,2026-07-01,Data,604.62,1.73
USG01403,CUST0078,2026-07-01,Voice,783.94,65.9
USG01404,CUST0078,2026-07-01,SMS,152.47,28.0
USG01405,CUST0079,2026-02-01,Data,1604.82,4.59
USG01406,CUST0079,2026-02-01,Voice,779.4,68.0
USG01407,CUST0079,2026-02-01,SMS,153.49,28.0
USG01408,CUST0079,2026-03-01,Data,2122.17,6.06
USG01409,CUST0079,2026-03-01,Voice,316.2,212.7
USG01410,CUST0079,2026-03-01,SMS,43.07,37.0
USG01411,CUST0079,2026-04-01,Data,1042.74,2.98
USG01412,CUST0079,2026-04-01,Voice,935.79,93.4
USG01413,CUST0079,2026-04-01,SMS,178.71,72.0
USG01414,CUST0079,2026-05-01,Data,910.75,2.6
USG01415,CUST0079,2026-05-01,Voice,794.54,44.6
USG01416,CUST0079,2026-05-01,SMS,90.48,58.0
USG01417,CUST0079,2026-06-01,Data,2114.5,6.04
USG01418,CUST0079,2026-06-01,Voice,805.94,99.1
USG01419,CUST0079,2026-06-01,SMS,88.04,13.0
USG01420,CUST0079,2026-07-01,Data,2269.46,6.48
USG01421,CUST0079,2026-07-01,Voice,679.08,218.5
USG01422,CUST0079,2026-07-01,SMS,64.81,29.0
USG01423,CUST0080,2026-02-01,Data,1268.96,3.63
USG01424,CUST0080,2026-02-01,Voice,177.03,115.5
USG01425,CUST0080,2026-02-01,SMS,164.59,72.0
USG01426,CUST0080,2026-03-01,Data,1747.37,4.99
USG01427,CUST0080,2026-03-01,Voice,628.28,28.6
USG01428,CUST0080,2026-03-01,SMS,178.26,6.0
USG01429,CUST0080,2026-04-01,Data,2856.35,8.16
USG01430,CUST0080,2026-04-01,Voice,663.68,115.7
USG01431,CUST0080,2026-04-01,SMS,186.36,7.0
USG01432,CUST0080,2026-05-01,Data,1911.7,5.46
USG01433,CUST0080,2026-05-01,Voice,726.38,81.4
USG01434,CUST0080,2026-05-01,SMS,97.2,54.0
USG01435,CUST0080,2026-06-01,Data,2290.54,6.54
USG01436,CUST0080,2026-06-01,Voice,150.75,282.3
USG01437,CUST0080,2026-06-01,SMS,49.61,23.0
USG01438,CUST0080,2026-07-01,Data,1085.03,3.1
USG01439,CUST0080,2026-07-01,Voice,189.71,54.5
USG01440,CUST0080,2026-07-01,SMS,197.54,29.0
USG01441,CUST0081,2026-02-01,Data,699.78,2.0
USG01442,CUST0081,2026-02-01,Voice,262.34,221.4
USG01443,CUST0081,2026-02-01,SMS,173.82,24.0
USG01444,CUST0081,2026-03-01,Data,454.36,1.3
USG01445,CUST0081,2026-03-01,Voice,384.24,35.8
USG01446,CUST0081,2026-03-01,SMS,38.61,37.0
USG01447,CUST0081,2026-04-01,Data,997.79,2.85
USG01448,CUST0081,2026-04-01,Voice,691.74,91.0
USG01449,CUST0081,2026-04-01,SMS,189.3,73.0
USG01450,CUST0081,2026-05-01,Data,1873.7,5.35
USG01451,CUST0081,2026-05-01,Voice,522.15,126.7
USG01452,CUST0081,2026-05-01,SMS,94.13,60.0
USG01453,CUST0081,2026-06-01,Data,1574.26,4.5
USG01454,CUST0081,2026-06-01,Voice,1049.57,284.3
USG01455,CUST0081,2026-06-01,SMS,80.47,47.0
USG01456,CUST0081,2026-07-01,Data,647.15,1.85
USG01457,CUST0081,2026-07-01,Voice,360.49,135.8
USG01458,CUST0081,2026-07-01,SMS,57.12,71.0
USG01459,CUST0082,2026-02-01,Data,811.54,2.32
USG01460,CUST0082,2026-02-01,Voice,628.44,189.6
USG01461,CUST0082,2026-02-01,SMS,144.54,34.0
USG01462,CUST0082,2026-03-01,Data,2659.66,7.6
USG01463,CUST0082,2026-03-01,Voice,746.74,143.1
USG01464,CUST0082,2026-03-01,SMS,32.1,40.0
USG01465,CUST0082,2026-04-01,Data,2533.91,7.24
USG01466,CUST0082,2026-04-01,Voice,795.27,253.0
USG01467,CUST0082,2026-04-01,SMS,108.92,14.0
USG01468,CUST0082,2026-05-01,Data,435.46,1.24
USG01469,CUST0082,2026-05-01,Voice,468.38,215.4
USG01470,CUST0082,2026-05-01,SMS,162.25,27.0
USG01471,CUST0082,2026-06-01,Data,1688.7,4.82
USG01472,CUST0082,2026-06-01,Voice,592.17,134.9
USG01473,CUST0082,2026-06-01,SMS,61.64,15.0
USG01474,CUST0082,2026-07-01,Data,911.39,2.6
USG01475,CUST0082,2026-07-01,Voice,208.1,75.5
USG01476,CUST0082,2026-07-01,SMS,21.66,52.0
USG01477,CUST0083,2026-02-01,Data,1222.58,3.49
USG01478,CUST0083,2026-02-01,Voice,1171.8,74.2
USG01479,CUST0083,2026-02-01,SMS,82.25,32.0
USG01480,CUST0083,2026-03-01,Data,421.97,1.21
USG01481,CUST0083,2026-03-01,Voice,1031.17,29.0
USG01482,CUST0083,2026-03-01,SMS,189.23,72.0
USG01483,CUST0083,2026-04-01,Data,1792.36,5.12
USG01484,CUST0083,2026-04-01,Voice,720.78,203.1
USG01485,CUST0083,2026-04-01,SMS,89.67,54.0
USG01486,CUST0083,2026-05-01,Data,516.4,1.48
USG01487,CUST0083,2026-05-01,Voice,206.75,148.0
USG01488,CUST0083,2026-05-01,SMS,118.93,72.0
USG01489,CUST0083,2026-06-01,Data,672.12,1.92
USG01490,CUST0083,2026-06-01,Voice,1013.78,78.8
USG01491,CUST0083,2026-06-01,SMS,90.94,29.0
USG01492,CUST0083,2026-07-01,Data,1440.4,4.12
USG01493,CUST0083,2026-07-01,Voice,308.02,161.0
USG01494,CUST0083,2026-07-01,SMS,164.3,38.0
USG01495,CUST0084,2026-02-01,Data,1675.6,4.79
USG01496,CUST0084,2026-02-01,Voice,1041.21,217.7
USG01497,CUST0084,2026-02-01,SMS,108.28,24.0
USG01498,CUST0084,2026-03-01,Data,2700.81,7.72
USG01499,CUST0084,2026-03-01,Voice,755.87,81.9
USG01500,CUST0084,2026-03-01,SMS,68.44,65.0
USG01501,CUST0084,2026-04-01,Data,514.78,1.47
USG01502,CUST0084,2026-04-01,Voice,1191.7,56.5
USG01503,CUST0084,2026-04-01,SMS,163.29,35.0
USG01504,CUST0084,2026-05-01,Data,1679.76,4.8
USG01505,CUST0084,2026-05-01,Voice,1074.68,135.6
USG01506,CUST0084,2026-05-01,SMS,116.75,9.0
USG01507,CUST0084,2026-06-01,Data,406.1,1.16
USG01508,CUST0084,2026-06-01,Voice,407.04,210.6
USG01509,CUST0084,2026-06-01,SMS,41.83,14.0
USG01510,CUST0084,2026-07-01,Data,1468.5,4.2
USG01511,CUST0084,2026-07-01,Voice,830.23,219.4
USG01512,CUST0084,2026-07-01,SMS,52.12,11.0
USG01513,CUST0085,2026-02-01,Data,2845.03,8.13
USG01514,CUST0085,2026-02-01,Voice,423.7,258.9
USG01515,CUST0085,2026-02-01,SMS,175.43,63.0
USG01516,CUST0085,2026-03-01,Data,838.97,2.4
USG01517,CUST0085,2026-03-01,Voice,1012.89,235.4
USG01518,CUST0085,2026-03-01,SMS,127.41,30.0
USG01519,CUST0085,2026-04-01,Data,1082.52,3.09
USG01520,CUST0085,2026-04-01,Voice,277.98,162.7
USG01521,CUST0085,2026-04-01,SMS,125.35,32.0
USG01522,CUST0085,2026-05-01,Data,1635.93,4.67
USG01523,CUST0085,2026-05-01,Voice,531.69,199.5
USG01524,CUST0085,2026-05-01,SMS,182.23,17.0
USG01525,CUST0085,2026-06-01,Data,1391.66,3.98
USG01526,CUST0085,2026-06-01,Voice,297.91,195.0
USG01527,CUST0085,2026-06-01,SMS,151.2,75.0
USG01528,CUST0085,2026-07-01,Data,1125.07,3.21
USG01529,CUST0085,2026-07-01,Voice,1147.72,37.7
USG01530,CUST0085,2026-07-01,SMS,128.54,9.0
USG01531,CUST0086,2026-02-01,Data,2723.81,7.78
USG01532,CUST0086,2026-02-01,Voice,706.3,207.4
USG01533,CUST0086,2026-02-01,SMS,169.68,16.0
USG01534,CUST0086,2026-03-01,Data,500.34,1.43
USG01535,CUST0086,2026-03-01,Voice,1072.83,108.2
USG01536,CUST0086,2026-03-01,SMS,43.22,40.0
USG01537,CUST0086,2026-04-01,Data,1955.6,5.59
USG01538,CUST0086,2026-04-01,Voice,182.52,97.0
USG01539,CUST0086,2026-04-01,SMS,25.9,37.0
USG01540,CUST0086,2026-05-01,Data,2727.26,7.79
USG01541,CUST0086,2026-05-01,Voice,1181.79,198.4
USG01542,CUST0086,2026-05-01,SMS,49.09,73.0
USG01543,CUST0086,2026-06-01,Data,1742.24,4.98
USG01544,CUST0086,2026-06-01,Voice,311.44,278.1
USG01545,CUST0086,2026-06-01,SMS,156.34,60.0
USG01546,CUST0086,2026-07-01,Data,2243.87,6.41
USG01547,CUST0086,2026-07-01,Voice,360.36,79.1
USG01548,CUST0086,2026-07-01,SMS,143.89,21.0
USG01549,CUST0087,2026-02-01,Data,1540.55,4.4
USG01550,CUST0087,2026-02-01,Voice,971.1,239.5
USG01551,CUST0087,2026-02-01,SMS,101.59,64.0
USG01552,CUST0087,2026-03-01,Data,2580.42,7.37
USG01553,CUST0087,2026-03-01,Voice,837.51,84.0
USG01554,CUST0087,2026-03-01,SMS,69.32,29.0
USG01555,CUST0087,2026-04-01,Data,703.69,2.01
USG01556,CUST0087,2026-04-01,Voice,436.82,78.7
USG01557,CUST0087,2026-04-01,SMS,101.96,73.0
USG01558,CUST0087,2026-05-01,Data,671.65,1.92
USG01559,CUST0087,2026-05-01,Voice,906.28,212.4
USG01560,CUST0087,2026-05-01,SMS,37.24,74.0
USG01561,CUST0087,2026-06-01,Data,1878.03,5.37
USG01562,CUST0087,2026-06-01,Voice,531.91,231.8
USG01563,CUST0087,2026-06-01,SMS,66.33,57.0
USG01564,CUST0087,2026-07-01,Data,503.25,1.44
USG01565,CUST0087,2026-07-01,Voice,1031.38,145.5
USG01566,CUST0087,2026-07-01,SMS,134.6,22.0
USG01567,CUST0088,2026-02-01,Data,2160.39,6.17
USG01568,CUST0088,2026-02-01,Voice,960.85,152.5
USG01569,CUST0088,2026-02-01,SMS,131.19,39.0
USG01570,CUST0088,2026-03-01,Data,2724.64,7.78
USG01571,CUST0088,2026-03-01,Voice,672.76,255.7
USG01572,CUST0088,2026-03-01,SMS,164.24,36.0
USG01573,CUST0088,2026-04-01,Data,998.22,2.85
USG01574,CUST0088,2026-04-01,Voice,576.39,251.3
USG01575,CUST0088,2026-04-01,SMS,60.97,44.0
USG01576,CUST0088,2026-05-01,Data,2495.85,7.13
USG01577,CUST0088,2026-05-01,Voice,521.15,199.8
USG01578,CUST0088,2026-05-01,SMS,64.21,13.0
USG01579,CUST0088,2026-06-01,Data,2465.4,7.04
USG01580,CUST0088,2026-06-01,Voice,253.92,96.0
USG01581,CUST0088,2026-06-01,SMS,173.92,31.0
USG01582,CUST0088,2026-07-01,Data,2929.92,8.37
USG01583,CUST0088,2026-07-01,Voice,1178.72,95.1
USG01584,CUST0088,2026-07-01,SMS,27.38,58.0
USG01585,CUST0089,2026-02-01,Data,1572.56,4.49
USG01586,CUST0089,2026-02-01,Voice,255.79,218.1
USG01587,CUST0089,2026-02-01,SMS,25.61,70.0
USG01588,CUST0089,2026-03-01,Data,760.5,2.17
USG01589,CUST0089,2026-03-01,Voice,283.68,69.2
USG01590,CUST0089,2026-03-01,SMS,192.85,57.0
USG01591,CUST0089,2026-04-01,Data,2483.57,7.1
USG01592,CUST0089,2026-04-01,Voice,567.52,114.2
USG01593,CUST0089,2026-04-01,SMS,62.21,41.0
USG01594,CUST0089,2026-05-01,Data,1834.75,5.24
USG01595,CUST0089,2026-05-01,Voice,813.36,92.0
USG01596,CUST0089,2026-05-01,SMS,190.76,18.0
USG01597,CUST0089,2026-06-01,Data,2910.7,8.32
USG01598,CUST0089,2026-06-01,Voice,165.6,154.7
USG01599,CUST0089,2026-06-01,SMS,80.01,39.0
USG01600,CUST0089,2026-07-01,Data,1883.73,5.38
USG01601,CUST0089,2026-07-01,Voice,607.37,136.2
USG01602,CUST0089,2026-07-01,SMS,151.89,56.0
USG01603,CUST0090,2026-02-01,Data,2566.51,7.33
USG01604,CUST0090,2026-02-01,Voice,412.46,190.7
USG01605,CUST0090,2026-02-01,SMS,125.34,33.0
USG01606,CUST0090,2026-03-01,Data,1663.75,4.75
USG01607,CUST0090,2026-03-01,Voice,479.47,59.7
USG01608,CUST0090,2026-03-01,SMS,58.48,13.0
USG01609,CUST0090,2026-04-01,Data,2175.98,6.22
USG01610,CUST0090,2026-04-01,Voice,843.76,286.2
USG01611,CUST0090,2026-04-01,SMS,151.34,9.0
USG01612,CUST0090,2026-05-01,Data,2699.04,7.71
USG01613,CUST0090,2026-05-01,Voice,1055.81,144.1
USG01614,CUST0090,2026-05-01,SMS,125.46,78.0
USG01615,CUST0090,2026-06-01,Data,1783.99,5.1
USG01616,CUST0090,2026-06-01,Voice,1100.59,43.3
USG01617,CUST0090,2026-06-01,SMS,54.39,38.0
USG01618,CUST0090,2026-07-01,Data,1920.37,5.49
USG01619,CUST0090,2026-07-01,Voice,1007.04,296.7
USG01620,CUST0090,2026-07-01,SMS,89.99,9.0
USG01621,CUST0091,2026-02-01,Data,2483.05,7.09
USG01622,CUST0091,2026-02-01,Voice,784.6,75.6
USG01623,CUST0091,2026-02-01,SMS,109.07,61.0
USG01624,CUST0091,2026-03-01,Data,2403.07,6.87
USG01625,CUST0091,2026-03-01,Voice,674.6,105.5
USG01626,CUST0091,2026-03-01,SMS,195.27,55.0
USG01627,CUST0091,2026-04-01,Data,1461.42,4.18
USG01628,CUST0091,2026-04-01,Voice,444.49,224.7
USG01629,CUST0091,2026-04-01,SMS,63.59,18.0
USG01630,CUST0091,2026-05-01,Data,1777.57,5.08
USG01631,CUST0091,2026-05-01,Voice,454.49,196.1
USG01632,CUST0091,2026-05-01,SMS,41.23,54.0
USG01633,CUST0091,2026-06-01,Data,1136.57,3.25
USG01634,CUST0091,2026-06-01,Voice,150.26,55.5
USG01635,CUST0091,2026-06-01,SMS,188.05,70.0
USG01636,CUST0091,2026-07-01,Data,1007.38,2.88
USG01637,CUST0091,2026-07-01,Voice,967.29,190.4
USG01638,CUST0091,2026-07-01,SMS,194.76,33.0
USG01639,CUST0092,2026-02-01,Data,3692.06,10.55
USG01640,CUST0092,2026-02-01,Voice,368.41,130.9
USG01641,CUST0092,2026-02-01,SMS,328.93,45.0
USG01642,CUST0092,2026-03-01,Data,1952.43,5.58
USG01643,CUST0092,2026-03-01,Voice,469.68,217.0
USG01644,CUST0092,2026-03-01,SMS,231.33,33.0
USG01645,CUST0092,2026-04-01,Data,4883.16,13.95
USG01646,CUST0092,2026-04-01,Voice,294.63,105.0
USG01647,CUST0092,2026-04-01,SMS,315.85,29.0
USG01648,CUST0092,2026-05-01,Data,1794.96,5.13
USG01649,CUST0092,2026-05-01,Voice,1208.58,250.7
USG01650,CUST0092,2026-05-01,SMS,65.56,76.0
USG01651,CUST0092,2026-06-01,Data,4194.22,11.98
USG01652,CUST0092,2026-06-01,Voice,578.53,219.4
USG01653,CUST0092,2026-06-01,SMS,151.8,35.0
USG01654,CUST0092,2026-07-01,Data,4142.14,11.83
USG01655,CUST0092,2026-07-01,Voice,1973.57,55.5
USG01656,CUST0092,2026-07-01,SMS,162.71,41.0
USG01657,CUST0093,2026-02-01,Data,1378.41,3.94
USG01658,CUST0093,2026-02-01,Voice,531.35,34.6
USG01659,CUST0093,2026-02-01,SMS,143.4,38.0
USG01660,CUST0093,2026-03-01,Data,906.46,2.59
USG01661,CUST0093,2026-03-01,Voice,1006.84,244.7
USG01662,CUST0093,2026-03-01,SMS,107.55,27.0
USG01663,CUST0093,2026-04-01,Data,2059.04,5.88
USG01664,CUST0093,2026-04-01,Voice,452.56,86.1
USG01665,CUST0093,2026-04-01,SMS,151.49,8.0
USG01666,CUST0093,2026-05-01,Data,646.4,1.85
USG01667,CUST0093,2026-05-01,Voice,157.13,62.8
USG01668,CUST0093,2026-05-01,SMS,32.42,80.0
USG01669,CUST0093,2026-06-01,Data,1150.91,3.29
USG01670,CUST0093,2026-06-01,Voice,306.73,87.5
USG01671,CUST0093,2026-06-01,SMS,188.5,44.0
USG01672,CUST0093,2026-07-01,Data,1348.53,3.85
USG01673,CUST0093,2026-07-01,Voice,1067.06,130.6
USG01674,CUST0093,2026-07-01,SMS,80.3,21.0
USG01675,CUST0094,2026-02-01,Data,1382.27,3.95
USG01676,CUST0094,2026-02-01,Voice,482.52,209.6
USG01677,CUST0094,2026-02-01,SMS,72.12,48.0
USG01678,CUST0094,2026-03-01,Data,571.32,1.63
USG01679,CUST0094,2026-03-01,Voice,350.85,134.1
USG01680,CUST0094,2026-03-01,SMS,188.65,33.0
USG01681,CUST0094,2026-04-01,Data,2126.59,6.08
USG01682,CUST0094,2026-04-01,Voice,417.84,55.6
USG01683,CUST0094,2026-04-01,SMS,30.54,28.0
USG01684,CUST0094,2026-05-01,Data,809.92,2.31
USG01685,CUST0094,2026-05-01,Voice,332.71,233.0
USG01686,CUST0094,2026-05-01,SMS,22.85,47.0
USG01687,CUST0094,2026-06-01,Data,1386.6,3.96
USG01688,CUST0094,2026-06-01,Voice,681.88,177.6
USG01689,CUST0094,2026-06-01,SMS,76.41,27.0
USG01690,CUST0094,2026-07-01,Data,2306.84,6.59
USG01691,CUST0094,2026-07-01,Voice,1064.84,73.9
USG01692,CUST0094,2026-07-01,SMS,37.57,72.0
USG01693,CUST0095,2026-02-01,Data,1309.73,3.74
USG01694,CUST0095,2026-02-01,Voice,728.88,120.7
USG01695,CUST0095,2026-02-01,SMS,42.64,49.0
USG01696,CUST0095,2026-03-01,Data,1765.37,5.04
USG01697,CUST0095,2026-03-01,Voice,363.14,146.5
USG01698,CUST0095,2026-03-01,SMS,163.45,49.0
USG01699,CUST0095,2026-04-01,Data,651.99,1.86
USG01700,CUST0095,2026-04-01,Voice,725.42,216.8
USG01701,CUST0095,2026-04-01,SMS,162.69,52.0
USG01702,CUST0095,2026-05-01,Data,796.91,2.28
USG01703,CUST0095,2026-05-01,Voice,895.68,209.7
USG01704,CUST0095,2026-05-01,SMS,24.4,36.0
USG01705,CUST0095,2026-06-01,Data,1265.67,3.62
USG01706,CUST0095,2026-06-01,Voice,852.88,80.5
USG01707,CUST0095,2026-06-01,SMS,126.36,73.0
USG01708,CUST0095,2026-07-01,Data,2474.29,7.07
USG01709,CUST0095,2026-07-01,Voice,1117.53,294.0
USG01710,CUST0095,2026-07-01,SMS,21.92,52.0
USG01711,CUST0096,2026-02-01,Data,2504.75,7.16
USG01712,CUST0096,2026-02-01,Voice,1789.84,90.5
USG01713,CUST0096,2026-02-01,SMS,334.2,51.0
USG01714,CUST0096,2026-03-01,Data,4187.44,11.96
USG01715,CUST0096,2026-03-01,Voice,407.8,71.4
USG01716,CUST0096,2026-03-01,SMS,266.07,7.0
USG01717,CUST0096,2026-04-01,Data,4290.6,12.26
USG01718,CUST0096,2026-04-01,Voice,279.9,204.0
USG01719,CUST0096,2026-04-01,SMS,145.72,51.0
USG01720,CUST0096,2026-05-01,Data,3756.46,10.73
USG01721,CUST0096,2026-05-01,Voice,866.32,50.2
USG01722,CUST0096,2026-05-01,SMS,55.31,49.0
USG01723,CUST0096,2026-06-01,Data,2981.3,8.52
USG01724,CUST0096,2026-06-01,Voice,1579.83,162.7
USG01725,CUST0096,2026-06-01,SMS,163.27,35.0
USG01726,CUST0096,2026-07-01,Data,796.9,2.28
USG01727,CUST0096,2026-07-01,Voice,853.97,293.3
USG01728,CUST0096,2026-07-01,SMS,301.31,30.0
USG01729,CUST0097,2026-02-01,Data,1928.27,5.51
USG01730,CUST0097,2026-02-01,Voice,1039.66,143.6
USG01731,CUST0097,2026-02-01,SMS,23.23,11.0
USG01732,CUST0097,2026-03-01,Data,1727.02,4.93
USG01733,CUST0097,2026-03-01,Voice,1167.91,214.1
USG01734,CUST0097,2026-03-01,SMS,32.76,19.0
USG01735,CUST0097,2026-04-01,Data,2405.44,6.87
USG01736,CUST0097,2026-04-01,Voice,1033.51,193.0
USG01737,CUST0097,2026-04-01,SMS,136.0,7.0
USG01738,CUST0097,2026-05-01,Data,2554.18,7.3
USG01739,CUST0097,2026-05-01,Voice,977.69,92.5
USG01740,CUST0097,2026-05-01,SMS,147.56,21.0
USG01741,CUST0097,2026-06-01,Data,504.86,1.44
USG01742,CUST0097,2026-06-01,Voice,361.19,70.0
USG01743,CUST0097,2026-06-01,SMS,80.79,36.0
USG01744,CUST0097,2026-07-01,Data,1722.2,4.92
USG01745,CUST0097,2026-07-01,Voice,650.59,95.8
USG01746,CUST0097,2026-07-01,SMS,25.25,50.0
USG01747,CUST0098,2026-02-01,Data,1428.94,4.08
USG01748,CUST0098,2026-02-01,Voice,463.61,262.7
USG01749,CUST0098,2026-02-01,SMS,154.41,69.0
USG01750,CUST0098,2026-03-01,Data,1686.96,4.82
USG01751,CUST0098,2026-03-01,Voice,287.48,214.9
USG01752,CUST0098,2026-03-01,SMS,57.09,38.0
USG01753,CUST0098,2026-04-01,Data,569.0,1.63
USG01754,CUST0098,2026-04-01,Voice,1016.57,55.3
USG01755,CUST0098,2026-04-01,SMS,182.56,70.0
USG01756,CUST0098,2026-05-01,Data,1607.92,4.59
USG01757,CUST0098,2026-05-01,Voice,931.59,193.4
USG01758,CUST0098,2026-05-01,SMS,164.55,37.0
USG01759,CUST0098,2026-06-01,Data,2443.1,6.98
USG01760,CUST0098,2026-06-01,Voice,635.58,283.5
USG01761,CUST0098,2026-06-01,SMS,107.55,40.0
USG01762,CUST0098,2026-07-01,Data,2441.19,6.97
USG01763,CUST0098,2026-07-01,Voice,1012.66,175.3
USG01764,CUST0098,2026-07-01,SMS,52.36,40.0
USG01765,CUST0099,2026-02-01,Data,4958.88,14.17
USG01766,CUST0099,2026-02-01,Voice,1599.08,247.1
USG01767,CUST0099,2026-02-01,SMS,44.04,40.0
USG01768,CUST0099,2026-03-01,Data,3538.07,10.11
USG01769,CUST0099,2026-03-01,Voice,1736.61,33.8
USG01770,CUST0099,2026-03-01,SMS,294.85,46.0
USG01771,CUST0099,2026-04-01,Data,1552.13,4.43
USG01772,CUST0099,2026-04-01,Voice,821.3,98.9
USG01773,CUST0099,2026-04-01,SMS,196.44,9.0
USG01774,CUST0099,2026-05-01,Data,1380.73,3.94
USG01775,CUST0099,2026-05-01,Voice,1705.66,57.1
USG01776,CUST0099,2026-05-01,SMS,105.42,39.0
USG01777,CUST0099,2026-06-01,Data,2965.67,8.47
USG01778,CUST0099,2026-06-01,Voice,1618.04,145.3
USG01779,CUST0099,2026-06-01,SMS,275.7,51.0
USG01780,CUST0099,2026-07-01,Data,1179.9,3.37
USG01781,CUST0099,2026-07-01,Voice,534.05,142.4
USG01782,CUST0099,2026-07-01,SMS,155.45,61.0
USG01783,CUST0100,2026-02-01,Data,1909.92,5.46
USG01784,CUST0100,2026-02-01,Voice,557.54,67.8
USG01785,CUST0100,2026-02-01,SMS,60.83,48.0
USG01786,CUST0100,2026-03-01,Data,1500.94,4.29
USG01787,CUST0100,2026-03-01,Voice,690.67,67.8
USG01788,CUST0100,2026-03-01,SMS,139.32,69.0
USG01789,CUST0100,2026-04-01,Data,1070.64,3.06
USG01790,CUST0100,2026-04-01,Voice,666.09,293.1
USG01791,CUST0100,2026-04-01,SMS,79.98,50.0
USG01792,CUST0100,2026-05-01,Data,634.51,1.81
USG01793,CUST0100,2026-05-01,Voice,786.32,45.1
USG01794,CUST0100,2026-05-01,SMS,192.66,59.0
USG01795,CUST0100,2026-06-01,Data,2449.22,7.0
USG01796,CUST0100,2026-06-01,Voice,889.31,185.1
USG01797,CUST0100,2026-06-01,SMS,100.98,69.0
USG01798,CUST0100,2026-07-01,Data,2887.77,8.25
USG01799,CUST0100,2026-07-01,Voice,673.99,280.8
USG01800,CUST0100,2026-07-01,SMS,125.0,45.0
USG01801,CUST0101,2026-02-01,Data,1581.66,4.52
USG01802,CUST0101,2026-02-01,Voice,369.75,21.0
USG01803,CUST0101,2026-02-01,SMS,63.47,43.0
USG01804,CUST0101,2026-03-01,Data,1387.9,3.97
USG01805,CUST0101,2026-03-01,Voice,620.91,294.6
USG01806,CUST0101,2026-03-01,SMS,83.05,39.0
USG01807,CUST0101,2026-04-01,Data,747.14,2.13
USG01808,CUST0101,2026-04-01,Voice,200.36,237.1
USG01809,CUST0101,2026-04-01,SMS,122.72,62.0
USG01810,CUST0101,2026-05-01,Data,789.64,2.26
USG01811,CUST0101,2026-05-01,Voice,750.42,91.0
USG01812,CUST0101,2026-05-01,SMS,61.05,6.0
USG01813,CUST0101,2026-06-01,Data,738.89,2.11
USG01814,CUST0101,2026-06-01,Voice,474.73,52.7
USG01815,CUST0101,2026-06-01,SMS,197.45,28.0
USG01816,CUST0101,2026-07-01,Data,738.84,2.11
USG01817,CUST0101,2026-07-01,Voice,359.04,184.6
USG01818,CUST0101,2026-07-01,SMS,31.53,70.0
USG01819,CUST0102,2026-02-01,Data,4929.83,14.09
USG01820,CUST0102,2026-02-01,Voice,695.44,146.0
USG01821,CUST0102,2026-02-01,SMS,40.77,53.0
USG01822,CUST0102,2026-03-01,Data,2509.55,7.17
USG01823,CUST0102,2026-03-01,Voice,737.05,77.9
USG01824,CUST0102,2026-03-01,SMS,234.13,36.0
USG01825,CUST0102,2026-04-01,Data,1474.09,4.21
USG01826,CUST0102,2026-04-01,Voice,1485.06,178.2
USG01827,CUST0102,2026-04-01,SMS,296.75,14.0
USG01828,CUST0102,2026-05-01,Data,4152.65,11.86
USG01829,CUST0102,2026-05-01,Voice,1457.23,52.2
USG01830,CUST0102,2026-05-01,SMS,246.62,38.0
USG01831,CUST0102,2026-06-01,Data,4856.83,13.88
USG01832,CUST0102,2026-06-01,Voice,507.78,200.0
USG01833,CUST0102,2026-06-01,SMS,150.89,77.0
USG01834,CUST0102,2026-07-01,Data,2138.49,6.11
USG01835,CUST0102,2026-07-01,Voice,1972.5,272.4
USG01836,CUST0102,2026-07-01,SMS,116.74,65.0
USG01837,CUST0103,2026-02-01,Data,2988.57,8.54
USG01838,CUST0103,2026-02-01,Voice,415.3,142.3
USG01839,CUST0103,2026-02-01,SMS,113.63,27.0
USG01840,CUST0103,2026-03-01,Data,439.69,1.26
USG01841,CUST0103,2026-03-01,Voice,381.14,98.9
USG01842,CUST0103,2026-03-01,SMS,99.85,18.0
USG01843,CUST0103,2026-04-01,Data,2670.46,7.63
USG01844,CUST0103,2026-04-01,Voice,890.16,43.9
USG01845,CUST0103,2026-04-01,SMS,137.02,54.0
USG01846,CUST0103,2026-05-01,Data,2886.18,8.25
USG01847,CUST0103,2026-05-01,Voice,153.17,89.4
USG01848,CUST0103,2026-05-01,SMS,187.0,75.0
USG01849,CUST0103,2026-06-01,Data,2273.52,6.5
USG01850,CUST0103,2026-06-01,Voice,954.05,45.6
USG01851,CUST0103,2026-06-01,SMS,112.5,22.0
USG01852,CUST0103,2026-07-01,Data,871.17,2.49
USG01853,CUST0103,2026-07-01,Voice,1000.82,57.8
USG01854,CUST0103,2026-07-01,SMS,104.36,75.0
USG01855,CUST0104,2026-02-01,Data,883.16,2.52
USG01856,CUST0104,2026-02-01,Voice,1176.89,298.4
USG01857,CUST0104,2026-02-01,SMS,120.01,18.0
USG01858,CUST0104,2026-03-01,Data,1221.87,3.49
USG01859,CUST0104,2026-03-01,Voice,595.72,106.6
USG01860,CUST0104,2026-03-01,SMS,70.51,78.0
USG01861,CUST0104,2026-04-01,Data,798.75,2.28
USG01862,CUST0104,2026-04-01,Voice,919.99,20.1
USG01863,CUST0104,2026-04-01,SMS,127.31,74.0
USG01864,CUST0104,2026-05-01,Data,1148.63,3.28
USG01865,CUST0104,2026-05-01,Voice,344.8,202.5
USG01866,CUST0104,2026-05-01,SMS,148.27,57.0
USG01867,CUST0104,2026-06-01,Data,1230.22,3.51
USG01868,CUST0104,2026-06-01,Voice,414.81,287.7
USG01869,CUST0104,2026-06-01,SMS,186.19,39.0
USG01870,CUST0104,2026-07-01,Data,2600.1,7.43
USG01871,CUST0104,2026-07-01,Voice,624.94,138.8
USG01872,CUST0104,2026-07-01,SMS,48.22,37.0
USG01873,CUST0105,2026-02-01,Data,1797.28,5.14
USG01874,CUST0105,2026-02-01,Voice,173.63,144.4
USG01875,CUST0105,2026-02-01,SMS,160.64,56.0
USG01876,CUST0105,2026-03-01,Data,2051.41,5.86
USG01877,CUST0105,2026-03-01,Voice,1105.03,25.0
USG01878,CUST0105,2026-03-01,SMS,120.27,64.0
USG01879,CUST0105,2026-04-01,Data,1807.47,5.16
USG01880,CUST0105,2026-04-01,Voice,490.09,58.2
USG01881,CUST0105,2026-04-01,SMS,179.76,40.0
USG01882,CUST0105,2026-05-01,Data,2683.1,7.67
USG01883,CUST0105,2026-05-01,Voice,765.14,208.8
USG01884,CUST0105,2026-05-01,SMS,164.77,54.0
USG01885,CUST0105,2026-06-01,Data,1434.94,4.1
USG01886,CUST0105,2026-06-01,Voice,689.32,244.9
USG01887,CUST0105,2026-06-01,SMS,87.26,34.0
USG01888,CUST0105,2026-07-01,Data,648.79,1.85
USG01889,CUST0105,2026-07-01,Voice,1110.31,45.5
USG01890,CUST0105,2026-07-01,SMS,136.68,36.0
USG01891,CUST0106,2026-02-01,Data,1454.61,4.16
USG01892,CUST0106,2026-02-01,Voice,863.53,38.8
USG01893,CUST0106,2026-02-01,SMS,126.87,63.0
USG01894,CUST0106,2026-03-01,Data,2553.35,7.3
USG01895,CUST0106,2026-03-01,Voice,329.06,271.3
USG01896,CUST0106,2026-03-01,SMS,138.11,71.0
USG01897,CUST0106,2026-04-01,Data,1661.73,4.75
USG01898,CUST0106,2026-04-01,Voice,719.14,277.3
USG01899,CUST0106,2026-04-01,SMS,181.98,39.0
USG01900,CUST0106,2026-05-01,Data,1113.47,3.18
USG01901,CUST0106,2026-05-01,Voice,562.83,128.6
USG01902,CUST0106,2026-05-01,SMS,71.64,25.0
USG01903,CUST0106,2026-06-01,Data,2638.76,7.54
USG01904,CUST0106,2026-06-01,Voice,223.36,209.7
USG01905,CUST0106,2026-06-01,SMS,51.11,31.0
USG01906,CUST0106,2026-07-01,Data,560.01,1.6
USG01907,CUST0106,2026-07-01,Voice,433.47,235.2
USG01908,CUST0106,2026-07-01,SMS,179.3,22.0
USG01909,CUST0107,2026-02-01,Data,1605.22,4.59
USG01910,CUST0107,2026-02-01,Voice,643.84,264.6
USG01911,CUST0107,2026-02-01,SMS,157.3,43.0
USG01912,CUST0107,2026-03-01,Data,2143.94,6.13
USG01913,CUST0107,2026-03-01,Voice,1039.72,22.7
USG01914,CUST0107,2026-03-01,SMS,92.52,73.0
USG01915,CUST0107,2026-04-01,Data,2324.81,6.64
USG01916,CUST0107,2026-04-01,Voice,719.98,168.3
USG01917,CUST0107,2026-04-01,SMS,82.6,44.0
USG01918,CUST0107,2026-05-01,Data,2104.0,6.01
USG01919,CUST0107,2026-05-01,Voice,589.28,220.0
USG01920,CUST0107,2026-05-01,SMS,175.02,17.0
USG01921,CUST0107,2026-06-01,Data,1574.02,4.5
USG01922,CUST0107,2026-06-01,Voice,578.42,212.5
USG01923,CUST0107,2026-06-01,SMS,64.98,53.0
USG01924,CUST0107,2026-07-01,Data,2681.47,7.66
USG01925,CUST0107,2026-07-01,Voice,589.04,275.1
USG01926,CUST0107,2026-07-01,SMS,198.77,13.0
USG01927,CUST0108,2026-02-01,Data,1005.94,2.87
USG01928,CUST0108,2026-02-01,Voice,1147.9,288.3
USG01929,CUST0108,2026-02-01,SMS,37.59,6.0
USG01930,CUST0108,2026-03-01,Data,818.86,2.34
USG01931,CUST0108,2026-03-01,Voice,1195.81,70.4
USG01932,CUST0108,2026-03-01,SMS,110.46,69.0
USG01933,CUST0108,2026-04-01,Data,453.04,1.29
USG01934,CUST0108,2026-04-01,Voice,784.71,97.6
USG01935,CUST0108,2026-04-01,SMS,175.22,26.0
USG01936,CUST0108,2026-05-01,Data,2185.56,6.24
USG01937,CUST0108,2026-05-01,Voice,857.93,82.0
USG01938,CUST0108,2026-05-01,SMS,26.26,36.0
USG01939,CUST0108,2026-06-01,Data,1151.9,3.29
USG01940,CUST0108,2026-06-01,Voice,999.43,244.1
USG01941,CUST0108,2026-06-01,SMS,102.26,50.0
USG01942,CUST0108,2026-07-01,Data,1971.07,5.63
USG01943,CUST0108,2026-07-01,Voice,1018.52,139.0
USG01944,CUST0108,2026-07-01,SMS,69.58,25.0
USG01945,CUST0109,2026-02-01,Data,1794.1,5.13
USG01946,CUST0109,2026-02-01,Voice,621.61,143.2
USG01947,CUST0109,2026-02-01,SMS,36.4,59.0
USG01948,CUST0109,2026-03-01,Data,955.72,2.73
USG01949,CUST0109,2026-03-01,Voice,356.8,135.6
USG01950,CUST0109,2026-03-01,SMS,61.0,49.0
USG01951,CUST0109,2026-04-01,Data,1365.8,3.9
USG01952,CUST0109,2026-04-01,Voice,621.36,170.4
USG01953,CUST0109,2026-04-01,SMS,56.64,17.0
USG01954,CUST0109,2026-05-01,Data,2689.1,7.68
USG01955,CUST0109,2026-05-01,Voice,605.41,135.4
USG01956,CUST0109,2026-05-01,SMS,26.41,42.0
USG01957,CUST0109,2026-06-01,Data,1840.84,5.26
USG01958,CUST0109,2026-06-01,Voice,736.78,218.0
USG01959,CUST0109,2026-06-01,SMS,51.95,24.0
USG01960,CUST0109,2026-07-01,Data,2507.9,7.17
USG01961,CUST0109,2026-07-01,Voice,1144.53,58.1
USG01962,CUST0109,2026-07-01,SMS,109.58,21.0
USG01963,CUST0110,2026-02-01,Data,556.19,1.59
USG01964,CUST0110,2026-02-01,Voice,491.78,60.2
USG01965,CUST0110,2026-02-01,SMS,147.79,45.0
USG01966,CUST0110,2026-03-01,Data,773.97,2.21
USG01967,CUST0110,2026-03-01,Voice,159.7,246.3
USG01968,CUST0110,2026-03-01,SMS,51.71,50.0
USG01969,CUST0110,2026-04-01,Data,1276.0,3.65
USG01970,CUST0110,2026-04-01,Voice,764.76,108.4
USG01971,CUST0110,2026-04-01,SMS,35.65,22.0
USG01972,CUST0110,2026-05-01,Data,888.95,2.54
USG01973,CUST0110,2026-05-01,Voice,599.42,204.3
USG01974,CUST0110,2026-05-01,SMS,67.49,6.0
USG01975,CUST0110,2026-06-01,Data,1749.24,5.0
USG01976,CUST0110,2026-06-01,Voice,786.05,289.6
USG01977,CUST0110,2026-06-01,SMS,126.1,40.0
USG01978,CUST0110,2026-07-01,Data,1890.84,5.4
USG01979,CUST0110,2026-07-01,Voice,1124.3,251.9
USG01980,CUST0110,2026-07-01,SMS,78.14,23.0
USG01981,CUST0111,2026-02-01,Data,1082.85,3.09
USG01982,CUST0111,2026-02-01,Voice,679.64,228.3
USG01983,CUST0111,2026-02-01,SMS,110.58,10.0
USG01984,CUST0111,2026-03-01,Data,2281.31,6.52
USG01985,CUST0111,2026-03-01,Voice,996.27,101.1
USG01986,CUST0111,2026-03-01,SMS,139.54,37.0
USG01987,CUST0111,2026-04-01,Data,2711.71,7.75
USG01988,CUST0111,2026-04-01,Voice,1037.49,167.1
USG01989,CUST0111,2026-04-01,SMS,144.47,71.0
USG01990,CUST0111,2026-05-01,Data,1688.86,4.83
USG01991,CUST0111,2026-05-01,Voice,478.91,231.0
USG01992,CUST0111,2026-05-01,SMS,59.61,34.0
USG01993,CUST0111,2026-06-01,Data,2650.89,7.57
USG01994,CUST0111,2026-06-01,Voice,910.64,133.1
USG01995,CUST0111,2026-06-01,SMS,58.65,32.0
USG01996,CUST0111,2026-07-01,Data,1138.67,3.25
USG01997,CUST0111,2026-07-01,Voice,334.89,228.1
USG01998,CUST0111,2026-07-01,SMS,65.37,39.0
USG01999,CUST0112,2026-02-01,Data,1403.23,4.01
USG02000,CUST0112,2026-02-01,Voice,1181.18,129.5
USG02001,CUST0112,2026-02-01,SMS,34.4,12.0
USG02002,CUST0112,2026-03-01,Data,1935.96,5.53
USG02003,CUST0112,2026-03-01,Voice,779.33,137.3
USG02004,CUST0112,2026-03-01,SMS,97.73,9.0
USG02005,CUST0112,2026-04-01,Data,1743.02,4.98
USG02006,CUST0112,2026-04-01,Voice,679.98,61.9
USG02007,CUST0112,2026-04-01,SMS,38.69,14.0
USG02008,CUST0112,2026-05-01,Data,662.67,1.89
USG02009,CUST0112,2026-05-01,Voice,790.19,75.0
USG02010,CUST0112,2026-05-01,SMS,65.26,18.0
USG02011,CUST0112,2026-06-01,Data,2890.37,8.26
USG02012,CUST0112,2026-06-01,Voice,1047.35,84.5
USG02013,CUST0112,2026-06-01,SMS,78.96,21.0
USG02014,CUST0112,2026-07-01,Data,1678.88,4.8
USG02015,CUST0112,2026-07-01,Voice,170.59,208.0
USG02016,CUST0112,2026-07-01,SMS,114.17,72.0
USG02017,CUST0113,2026-02-01,Data,827.42,2.36
USG02018,CUST0113,2026-02-01,Voice,994.31,241.7
USG02019,CUST0113,2026-02-01,SMS,42.89,35.0
USG02020,CUST0113,2026-03-01,Data,842.4,2.41
USG02021,CUST0113,2026-03-01,Voice,417.46,93.7
USG02022,CUST0113,2026-03-01,SMS,120.12,36.0
USG02023,CUST0113,2026-04-01,Data,2864.11,8.18
USG02024,CUST0113,2026-04-01,Voice,282.69,292.6
USG02025,CUST0113,2026-04-01,SMS,61.51,63.0
USG02026,CUST0113,2026-05-01,Data,1281.32,3.66
USG02027,CUST0113,2026-05-01,Voice,300.24,260.2
USG02028,CUST0113,2026-05-01,SMS,75.59,54.0
USG02029,CUST0113,2026-06-01,Data,1872.75,5.35
USG02030,CUST0113,2026-06-01,Voice,645.34,158.8
USG02031,CUST0113,2026-06-01,SMS,151.8,12.0
USG02032,CUST0113,2026-07-01,Data,2137.27,6.11
USG02033,CUST0113,2026-07-01,Voice,1090.6,36.2
USG02034,CUST0113,2026-07-01,SMS,45.32,59.0
USG02035,CUST0114,2026-02-01,Data,1536.93,4.39
USG02036,CUST0114,2026-02-01,Voice,573.73,58.4
USG02037,CUST0114,2026-02-01,SMS,111.22,14.0
USG02038,CUST0114,2026-03-01,Data,1639.21,4.68
USG02039,CUST0114,2026-03-01,Voice,951.8,92.3
USG02040,CUST0114,2026-03-01,SMS,106.54,79.0
USG02041,CUST0114,2026-04-01,Data,2185.29,6.24
USG02042,CUST0114,2026-04-01,Voice,1033.42,136.2
USG02043,CUST0114,2026-04-01,SMS,158.21,8.0
USG02044,CUST0114,2026-05-01,Data,719.57,2.06
USG02045,CUST0114,2026-05-01,Voice,363.22,132.5
USG02046,CUST0114,2026-05-01,SMS,172.23,31.0
USG02047,CUST0114,2026-06-01,Data,2102.02,6.01
USG02048,CUST0114,2026-06-01,Voice,894.78,184.1
USG02049,CUST0114,2026-06-01,SMS,84.3,48.0
USG02050,CUST0114,2026-07-01,Data,1289.89,3.69
USG02051,CUST0114,2026-07-01,Voice,238.07,298.0
USG02052,CUST0114,2026-07-01,SMS,42.89,10.0
USG02053,CUST0115,2026-02-01,Data,2684.18,7.67
USG02054,CUST0115,2026-02-01,Voice,466.93,202.1
USG02055,CUST0115,2026-02-01,SMS,79.22,34.0
USG02056,CUST0115,2026-03-01,Data,1081.49,3.09
USG02057,CUST0115,2026-03-01,Voice,510.2,135.0
USG02058,CUST0115,2026-03-01,SMS,149.67,43.0
USG02059,CUST0115,2026-04-01,Data,2853.27,8.15
USG02060,CUST0115,2026-04-01,Voice,193.97,160.9
USG02061,CUST0115,2026-04-01,SMS,125.16,74.0
USG02062,CUST0115,2026-05-01,Data,527.81,1.51
USG02063,CUST0115,2026-05-01,Voice,752.17,259.0
USG02064,CUST0115,2026-05-01,SMS,63.55,71.0
USG02065,CUST0115,2026-06-01,Data,449.51,1.28
USG02066,CUST0115,2026-06-01,Voice,919.08,281.3
USG02067,CUST0115,2026-06-01,SMS,138.3,38.0
USG02068,CUST0115,2026-07-01,Data,516.69,1.48
USG02069,CUST0115,2026-07-01,Voice,1116.12,151.7
USG02070,CUST0115,2026-07-01,SMS,25.22,57.0
USG02071,CUST0116,2026-02-01,Data,1652.78,4.72
USG02072,CUST0116,2026-02-01,Voice,280.56,80.0
USG02073,CUST0116,2026-02-01,SMS,31.61,48.0
USG02074,CUST0116,2026-03-01,Data,2017.28,5.76
USG02075,CUST0116,2026-03-01,Voice,681.03,248.8
USG02076,CUST0116,2026-03-01,SMS,174.98,51.0
USG02077,CUST0116,2026-04-01,Data,433.17,1.24
USG02078,CUST0116,2026-04-01,Voice,879.99,137.0
USG02079,CUST0116,2026-04-01,SMS,121.8,54.0
USG02080,CUST0116,2026-05-01,Data,1310.62,3.74
USG02081,CUST0116,2026-05-01,Voice,1112.95,57.5
USG02082,CUST0116,2026-05-01,SMS,140.87,5.0
USG02083,CUST0116,2026-06-01,Data,2804.09,8.01
USG02084,CUST0116,2026-06-01,Voice,268.13,46.6
USG02085,CUST0116,2026-06-01,SMS,79.94,33.0
USG02086,CUST0116,2026-07-01,Data,957.18,2.73
USG02087,CUST0116,2026-07-01,Voice,764.38,144.0
USG02088,CUST0116,2026-07-01,SMS,26.15,29.0
USG02089,CUST0117,2026-02-01,Data,2507.13,7.16
USG02090,CUST0117,2026-02-01,Voice,874.19,223.0
USG02091,CUST0117,2026-02-01,SMS,145.66,28.0
USG02092,CUST0117,2026-03-01,Data,659.13,1.88
USG02093,CUST0117,2026-03-01,Voice,436.09,252.9
USG02094,CUST0117,2026-03-01,SMS,196.48,42.0
USG02095,CUST0117,2026-04-01,Data,425.22,1.21
USG02096,CUST0117,2026-04-01,Voice,297.05,110.2
USG02097,CUST0117,2026-04-01,SMS,124.15,11.0
USG02098,CUST0117,2026-05-01,Data,2852.73,8.15
USG02099,CUST0117,2026-05-01,Voice,533.34,275.5
USG02100,CUST0117,2026-05-01,SMS,160.49,62.0
USG02101,CUST0117,2026-06-01,Data,1977.47,5.65
USG02102,CUST0117,2026-06-01,Voice,808.12,198.6
USG02103,CUST0117,2026-06-01,SMS,133.17,47.0
USG02104,CUST0117,2026-07-01,Data,2964.68,8.47
USG02105,CUST0117,2026-07-01,Voice,918.91,237.5
USG02106,CUST0117,2026-07-01,SMS,177.04,21.0
USG02107,CUST0118,2026-02-01,Data,617.89,1.77
USG02108,CUST0118,2026-02-01,Voice,657.04,163.9
USG02109,CUST0118,2026-02-01,SMS,169.25,38.0
USG02110,CUST0118,2026-03-01,Data,1884.22,5.38
USG02111,CUST0118,2026-03-01,Voice,703.42,30.7
USG02112,CUST0118,2026-03-01,SMS,130.74,67.0
USG02113,CUST0118,2026-04-01,Data,809.5,2.31
USG02114,CUST0118,2026-04-01,Voice,774.05,186.2
USG02115,CUST0118,2026-04-01,SMS,49.55,14.0
USG02116,CUST0118,2026-05-01,Data,2948.14,8.42
USG02117,CUST0118,2026-05-01,Voice,563.41,83.7
USG02118,CUST0118,2026-05-01,SMS,50.84,55.0
USG02119,CUST0118,2026-06-01,Data,1984.56,5.67
USG02120,CUST0118,2026-06-01,Voice,825.73,44.6
USG02121,CUST0118,2026-06-01,SMS,180.84,34.0
USG02122,CUST0118,2026-07-01,Data,1214.76,3.47
USG02123,CUST0118,2026-07-01,Voice,635.48,129.2
USG02124,CUST0118,2026-07-01,SMS,175.44,75.0
USG02125,CUST0119,2026-02-01,Data,1188.98,3.4
USG02126,CUST0119,2026-02-01,Voice,1057.13,238.8
USG02127,CUST0119,2026-02-01,SMS,187.55,23.0
USG02128,CUST0119,2026-03-01,Data,1900.09,5.43
USG02129,CUST0119,2026-03-01,Voice,438.27,250.7
USG02130,CUST0119,2026-03-01,SMS,20.96,47.0
USG02131,CUST0119,2026-04-01,Data,1281.93,3.66
USG02132,CUST0119,2026-04-01,Voice,488.82,200.6
USG02133,CUST0119,2026-04-01,SMS,173.27,51.0
USG02134,CUST0119,2026-05-01,Data,2618.25,7.48
USG02135,CUST0119,2026-05-01,Voice,427.83,165.5
USG02136,CUST0119,2026-05-01,SMS,101.1,6.0
USG02137,CUST0119,2026-06-01,Data,1847.71,5.28
USG02138,CUST0119,2026-06-01,Voice,844.6,185.7
USG02139,CUST0119,2026-06-01,SMS,152.53,48.0
USG02140,CUST0119,2026-07-01,Data,573.55,1.64
USG02141,CUST0119,2026-07-01,Voice,272.27,187.0
USG02142,CUST0119,2026-07-01,SMS,69.5,11.0
USG02143,CUST0120,2026-02-01,Data,1516.97,4.33
USG02144,CUST0120,2026-02-01,Voice,732.04,112.0
USG02145,CUST0120,2026-02-01,SMS,149.68,53.0
USG02146,CUST0120,2026-03-01,Data,1265.33,3.62
USG02147,CUST0120,2026-03-01,Voice,942.62,201.6
USG02148,CUST0120,2026-03-01,SMS,134.74,47.0
USG02149,CUST0120,2026-04-01,Data,429.61,1.23
USG02150,CUST0120,2026-04-01,Voice,881.33,125.3
USG02151,CUST0120,2026-04-01,SMS,189.67,66.0
USG02152,CUST0120,2026-05-01,Data,1928.01,5.51
USG02153,CUST0120,2026-05-01,Voice,414.79,77.0
USG02154,CUST0120,2026-05-01,SMS,81.27,41.0
USG02155,CUST0120,2026-06-01,Data,1169.77,3.34
USG02156,CUST0120,2026-06-01,Voice,690.68,66.3
USG02157,CUST0120,2026-06-01,SMS,195.99,13.0
USG02158,CUST0120,2026-07-01,Data,2823.05,8.07
USG02159,CUST0120,2026-07-01,Voice,1109.26,167.1
USG02160,CUST0120,2026-07-01,SMS,150.48,38.0
USG02161,CUST0121,2026-02-01,Data,3464.75,9.9
USG02162,CUST0121,2026-02-01,Voice,862.93,104.3
USG02163,CUST0121,2026-02-01,SMS,210.94,42.0
USG02164,CUST0121,2026-03-01,Data,3241.55,9.26
USG02165,CUST0121,2026-03-01,Voice,766.69,122.7
USG02166,CUST0121,2026-03-01,SMS,59.67,9.0
USG02167,CUST0121,2026-04-01,Data,1800.28,5.14
USG02168,CUST0121,2026-04-01,Voice,387.53,49.1
USG02169,CUST0121,2026-04-01,SMS,282.76,8.0
USG02170,CUST0121,2026-05-01,Data,3592.53,10.26
USG02171,CUST0121,2026-05-01,Voice,741.52,264.0
USG02172,CUST0121,2026-05-01,SMS,182.41,28.0
USG02173,CUST0121,2026-06-01,Data,2967.96,8.48
USG02174,CUST0121,2026-06-01,Voice,936.8,178.0
USG02175,CUST0121,2026-06-01,SMS,69.05,80.0
USG02176,CUST0121,2026-07-01,Data,2560.96,7.32
USG02177,CUST0121,2026-07-01,Voice,876.59,218.9
USG02178,CUST0121,2026-07-01,SMS,145.35,67.0
USG02179,CUST0122,2026-02-01,Data,1581.1,4.52
USG02180,CUST0122,2026-02-01,Voice,905.54,50.1
USG02181,CUST0122,2026-02-01,SMS,172.3,60.0
USG02182,CUST0122,2026-03-01,Data,950.46,2.72
USG02183,CUST0122,2026-03-01,Voice,302.55,108.6
USG02184,CUST0122,2026-03-01,SMS,195.69,24.0
USG02185,CUST0122,2026-04-01,Data,1585.93,4.53
USG02186,CUST0122,2026-04-01,Voice,181.52,131.2
USG02187,CUST0122,2026-04-01,SMS,122.84,76.0
USG02188,CUST0122,2026-05-01,Data,1743.51,4.98
USG02189,CUST0122,2026-05-01,Voice,1010.06,173.2
USG02190,CUST0122,2026-05-01,SMS,27.34,29.0
USG02191,CUST0122,2026-06-01,Data,1896.43,5.42
USG02192,CUST0122,2026-06-01,Voice,1148.12,260.6
USG02193,CUST0122,2026-06-01,SMS,61.1,22.0
USG02194,CUST0122,2026-07-01,Data,923.05,2.64
USG02195,CUST0122,2026-07-01,Voice,1118.62,258.7
USG02196,CUST0122,2026-07-01,SMS,159.48,34.0
USG02197,CUST0123,2026-02-01,Data,2909.36,8.31
USG02198,CUST0123,2026-02-01,Voice,1083.83,91.0
USG02199,CUST0123,2026-02-01,SMS,188.54,7.0
USG02200,CUST0123,2026-03-01,Data,1262.6,3.61
USG02201,CUST0123,2026-03-01,Voice,1837.56,230.5
USG02202,CUST0123,2026-03-01,SMS,163.4,44.0
USG02203,CUST0123,2026-04-01,Data,2315.4,6.62
USG02204,CUST0123,2026-04-01,Voice,1577.29,239.6
USG02205,CUST0123,2026-04-01,SMS,267.57,59.0
USG02206,CUST0123,2026-05-01,Data,1583.91,4.53
USG02207,CUST0123,2026-05-01,Voice,858.28,151.6
USG02208,CUST0123,2026-05-01,SMS,135.22,62.0
USG02209,CUST0123,2026-06-01,Data,2135.74,6.1
USG02210,CUST0123,2026-06-01,Voice,501.74,131.7
USG02211,CUST0123,2026-06-01,SMS,333.85,22.0
USG02212,CUST0123,2026-07-01,Data,3385.74,9.67
USG02213,CUST0123,2026-07-01,Voice,1027.86,39.9
USG02214,CUST0123,2026-07-01,SMS,183.29,58.0
USG02215,CUST0124,2026-02-01,Data,2948.43,8.42
USG02216,CUST0124,2026-02-01,Voice,1811.71,100.9
USG02217,CUST0124,2026-02-01,SMS,60.39,75.0
USG02218,CUST0124,2026-03-01,Data,2351.63,6.72
USG02219,CUST0124,2026-03-01,Voice,1283.88,241.8
USG02220,CUST0124,2026-03-01,SMS,133.24,59.0
USG02221,CUST0124,2026-04-01,Data,1278.55,3.65
USG02222,CUST0124,2026-04-01,Voice,774.96,60.5
USG02223,CUST0124,2026-04-01,SMS,282.24,22.0
USG02224,CUST0124,2026-05-01,Data,3850.92,11.0
USG02225,CUST0124,2026-05-01,Voice,1938.79,167.8
USG02226,CUST0124,2026-05-01,SMS,199.25,40.0
USG02227,CUST0124,2026-06-01,Data,2120.43,6.06
USG02228,CUST0124,2026-06-01,Voice,1104.04,188.8
USG02229,CUST0124,2026-06-01,SMS,335.71,75.0
USG02230,CUST0124,2026-07-01,Data,4490.72,12.83
USG02231,CUST0124,2026-07-01,Voice,1842.1,151.0
USG02232,CUST0124,2026-07-01,SMS,235.18,72.0
USG02233,CUST0125,2026-02-01,Data,1421.67,4.06
USG02234,CUST0125,2026-02-01,Voice,1159.85,136.4
USG02235,CUST0125,2026-02-01,SMS,128.19,58.0
USG02236,CUST0125,2026-03-01,Data,2871.54,8.2
USG02237,CUST0125,2026-03-01,Voice,406.85,228.9
USG02238,CUST0125,2026-03-01,SMS,113.75,25.0
USG02239,CUST0125,2026-04-01,Data,2419.18,6.91
USG02240,CUST0125,2026-04-01,Voice,729.83,205.1
USG02241,CUST0125,2026-04-01,SMS,78.12,41.0
USG02242,CUST0125,2026-05-01,Data,2005.12,5.73
USG02243,CUST0125,2026-05-01,Voice,575.16,75.5
USG02244,CUST0125,2026-05-01,SMS,193.1,43.0
USG02245,CUST0125,2026-06-01,Data,2308.19,6.59
USG02246,CUST0125,2026-06-01,Voice,581.6,119.4
USG02247,CUST0125,2026-06-01,SMS,93.29,36.0
USG02248,CUST0125,2026-07-01,Data,1814.87,5.19
USG02249,CUST0125,2026-07-01,Voice,720.64,159.2
USG02250,CUST0125,2026-07-01,SMS,44.26,42.0
USG02251,CUST0126,2026-02-01,Data,839.67,2.4
USG02252,CUST0126,2026-02-01,Voice,282.44,281.1
USG02253,CUST0126,2026-02-01,SMS,128.89,54.0
USG02254,CUST0126,2026-03-01,Data,1444.66,4.13
USG02255,CUST0126,2026-03-01,Voice,1104.43,198.6
USG02256,CUST0126,2026-03-01,SMS,158.45,33.0
USG02257,CUST0126,2026-04-01,Data,2896.03,8.27
USG02258,CUST0126,2026-04-01,Voice,1011.48,259.1
USG02259,CUST0126,2026-04-01,SMS,50.99,25.0
USG02260,CUST0126,2026-05-01,Data,1142.63,3.26
USG02261,CUST0126,2026-05-01,Voice,434.45,259.5
USG02262,CUST0126,2026-05-01,SMS,25.74,11.0
USG02263,CUST0126,2026-06-01,Data,1112.18,3.18
USG02264,CUST0126,2026-06-01,Voice,359.87,84.9
USG02265,CUST0126,2026-06-01,SMS,163.63,47.0
USG02266,CUST0126,2026-07-01,Data,415.0,1.19
USG02267,CUST0126,2026-07-01,Voice,600.79,134.2
USG02268,CUST0126,2026-07-01,SMS,40.51,56.0
USG02269,CUST0127,2026-02-01,Data,2225.45,6.36
USG02270,CUST0127,2026-02-01,Voice,906.94,224.0
USG02271,CUST0127,2026-02-01,SMS,20.01,77.0
USG02272,CUST0127,2026-03-01,Data,2516.94,7.19
USG02273,CUST0127,2026-03-01,Voice,1099.18,24.4
USG02274,CUST0127,2026-03-01,SMS,188.09,66.0
USG02275,CUST0127,2026-04-01,Data,2576.77,7.36
USG02276,CUST0127,2026-04-01,Voice,247.95,226.9
USG02277,CUST0127,2026-04-01,SMS,192.79,56.0
USG02278,CUST0127,2026-05-01,Data,1883.46,5.38
USG02279,CUST0127,2026-05-01,Voice,1142.91,144.0
USG02280,CUST0127,2026-05-01,SMS,127.87,41.0
USG02281,CUST0127,2026-06-01,Data,2825.4,8.07
USG02282,CUST0127,2026-06-01,Voice,229.89,160.3
USG02283,CUST0127,2026-06-01,SMS,143.65,64.0
USG02284,CUST0127,2026-07-01,Data,1915.85,5.47
USG02285,CUST0127,2026-07-01,Voice,1104.36,283.8
USG02286,CUST0127,2026-07-01,SMS,31.58,35.0
USG02287,CUST0128,2026-02-01,Data,460.99,1.32
USG02288,CUST0128,2026-02-01,Voice,495.89,170.3
USG02289,CUST0128,2026-02-01,SMS,183.94,68.0
USG02290,CUST0128,2026-03-01,Data,731.5,2.09
USG02291,CUST0128,2026-03-01,Voice,247.68,185.0
USG02292,CUST0128,2026-03-01,SMS,115.78,25.0
USG02293,CUST0128,2026-04-01,Data,2738.58,7.82
USG02294,CUST0128,2026-04-01,Voice,1123.73,132.7
USG02295,CUST0128,2026-04-01,SMS,180.25,34.0
USG02296,CUST0128,2026-05-01,Data,2315.72,6.62
USG02297,CUST0128,2026-05-01,Voice,649.74,54.3
USG02298,CUST0128,2026-05-01,SMS,187.03,39.0
USG02299,CUST0128,2026-06-01,Data,2309.67,6.6
USG02300,CUST0128,2026-06-01,Voice,535.53,25.3
USG02301,CUST0128,2026-06-01,SMS,38.1,42.0
USG02302,CUST0128,2026-07-01,Data,2193.91,6.27
USG02303,CUST0128,2026-07-01,Voice,501.47,214.7
USG02304,CUST0128,2026-07-01,SMS,145.75,58.0
USG02305,CUST0129,2026-02-01,Data,1680.56,4.8
USG02306,CUST0129,2026-02-01,Voice,1110.63,157.0
USG02307,CUST0129,2026-02-01,SMS,101.05,20.0
USG02308,CUST0129,2026-03-01,Data,1199.9,3.43
USG02309,CUST0129,2026-03-01,Voice,194.45,197.4
USG02310,CUST0129,2026-03-01,SMS,64.74,28.0
USG02311,CUST0129,2026-04-01,Data,2404.12,6.87
USG02312,CUST0129,2026-04-01,Voice,493.58,87.8
USG02313,CUST0129,2026-04-01,SMS,50.43,63.0
USG02314,CUST0129,2026-05-01,Data,737.24,2.11
USG02315,CUST0129,2026-05-01,Voice,626.44,161.9
USG02316,CUST0129,2026-05-01,SMS,143.73,52.0
USG02317,CUST0129,2026-06-01,Data,2507.87,7.17
USG02318,CUST0129,2026-06-01,Voice,196.99,103.0
USG02319,CUST0129,2026-06-01,SMS,70.42,16.0
USG02320,CUST0129,2026-07-01,Data,1151.86,3.29
USG02321,CUST0129,2026-07-01,Voice,475.25,166.1
USG02322,CUST0129,2026-07-01,SMS,139.47,34.0
USG02323,CUST0130,2026-02-01,Data,2270.62,6.49
USG02324,CUST0130,2026-02-01,Voice,502.97,101.3
USG02325,CUST0130,2026-02-01,SMS,117.41,7.0
USG02326,CUST0130,2026-03-01,Data,607.45,1.74
USG02327,CUST0130,2026-03-01,Voice,588.87,284.0
USG02328,CUST0130,2026-03-01,SMS,149.87,12.0
USG02329,CUST0130,2026-04-01,Data,2600.43,7.43
USG02330,CUST0130,2026-04-01,Voice,918.92,191.1
USG02331,CUST0130,2026-04-01,SMS,167.65,35.0
USG02332,CUST0130,2026-05-01,Data,975.9,2.79
USG02333,CUST0130,2026-05-01,Voice,687.62,173.7
USG02334,CUST0130,2026-05-01,SMS,116.9,47.0
USG02335,CUST0130,2026-06-01,Data,2866.63,8.19
USG02336,CUST0130,2026-06-01,Voice,1097.36,265.2
USG02337,CUST0130,2026-06-01,SMS,164.26,76.0
USG02338,CUST0130,2026-07-01,Data,656.09,1.87
USG02339,CUST0130,2026-07-01,Voice,428.38,158.6
USG02340,CUST0130,2026-07-01,SMS,172.38,43.0
USG02341,CUST0131,2026-02-01,Data,3986.31,11.39
USG02342,CUST0131,2026-02-01,Voice,503.04,90.7
USG02343,CUST0131,2026-02-01,SMS,257.92,17.0
USG02344,CUST0131,2026-03-01,Data,2232.99,6.38
USG02345,CUST0131,2026-03-01,Voice,727.79,118.0
USG02346,CUST0131,2026-03-01,SMS,250.75,33.0
USG02347,CUST0131,2026-04-01,Data,3134.26,8.96
USG02348,CUST0131,2026-04-01,Voice,433.38,245.4
USG02349,CUST0131,2026-04-01,SMS,147.19,54.0
USG02350,CUST0131,2026-05-01,Data,3886.22,11.1
USG02351,CUST0131,2026-05-01,Voice,629.24,267.7
USG02352,CUST0131,2026-05-01,SMS,222.56,37.0
USG02353,CUST0131,2026-06-01,Data,1485.92,4.25
USG02354,CUST0131,2026-06-01,Voice,1937.01,231.4
USG02355,CUST0131,2026-06-01,SMS,97.66,30.0
USG02356,CUST0131,2026-07-01,Data,4258.76,12.17
USG02357,CUST0131,2026-07-01,Voice,1496.78,234.4
USG02358,CUST0131,2026-07-01,SMS,169.01,59.0
USG02359,CUST0132,2026-02-01,Data,1404.88,4.01
USG02360,CUST0132,2026-02-01,Voice,371.83,197.1
USG02361,CUST0132,2026-02-01,SMS,195.68,28.0
USG02362,CUST0132,2026-03-01,Data,1598.52,4.57
USG02363,CUST0132,2026-03-01,Voice,857.7,171.6
USG02364,CUST0132,2026-03-01,SMS,171.82,62.0
USG02365,CUST0132,2026-04-01,Data,551.57,1.58
USG02366,CUST0132,2026-04-01,Voice,1198.34,230.7
USG02367,CUST0132,2026-04-01,SMS,175.5,54.0
USG02368,CUST0132,2026-05-01,Data,2626.34,7.5
USG02369,CUST0132,2026-05-01,Voice,268.0,117.4
USG02370,CUST0132,2026-05-01,SMS,177.76,20.0
USG02371,CUST0132,2026-06-01,Data,603.43,1.72
USG02372,CUST0132,2026-06-01,Voice,977.52,253.9
USG02373,CUST0132,2026-06-01,SMS,49.28,69.0
USG02374,CUST0132,2026-07-01,Data,2185.6,6.24
USG02375,CUST0132,2026-07-01,Voice,696.09,252.5
USG02376,CUST0132,2026-07-01,SMS,95.46,20.0
USG02377,CUST0133,2026-02-01,Data,1140.62,3.26
USG02378,CUST0133,2026-02-01,Voice,680.42,168.8
USG02379,CUST0133,2026-02-01,SMS,165.0,64.0
USG02380,CUST0133,2026-03-01,Data,1911.55,5.46
USG02381,CUST0133,2026-03-01,Voice,969.82,73.7
USG02382,CUST0133,2026-03-01,SMS,29.01,71.0
USG02383,CUST0133,2026-04-01,Data,596.44,1.7
USG02384,CUST0133,2026-04-01,Voice,409.02,214.7
USG02385,CUST0133,2026-04-01,SMS,93.7,71.0
USG02386,CUST0133,2026-05-01,Data,1174.75,3.36
USG02387,CUST0133,2026-05-01,Voice,162.46,104.2
USG02388,CUST0133,2026-05-01,SMS,124.05,33.0
USG02389,CUST0133,2026-06-01,Data,1790.67,5.12
USG02390,CUST0133,2026-06-01,Voice,1070.43,275.5
USG02391,CUST0133,2026-06-01,SMS,67.88,40.0
USG02392,CUST0133,2026-07-01,Data,1827.77,5.22
USG02393,CUST0133,2026-07-01,Voice,1146.57,299.6
USG02394,CUST0133,2026-07-01,SMS,62.37,60.0
USG02395,CUST0134,2026-02-01,Data,1382.88,3.95
USG02396,CUST0134,2026-02-01,Voice,158.51,22.6
USG02397,CUST0134,2026-02-01,SMS,102.9,42.0
USG02398,CUST0134,2026-03-01,Data,458.68,1.31
USG02399,CUST0134,2026-03-01,Voice,871.27,102.3
USG02400,CUST0134,2026-03-01,SMS,120.78,28.0
USG02401,CUST0134,2026-04-01,Data,834.55,2.38
USG02402,CUST0134,2026-04-01,Voice,577.53,85.0
USG02403,CUST0134,2026-04-01,SMS,116.26,20.0
USG02404,CUST0134,2026-05-01,Data,1721.86,4.92
USG02405,CUST0134,2026-05-01,Voice,315.25,207.9
USG02406,CUST0134,2026-05-01,SMS,155.71,13.0
USG02407,CUST0134,2026-06-01,Data,1616.29,4.62
USG02408,CUST0134,2026-06-01,Voice,224.42,187.5
USG02409,CUST0134,2026-06-01,SMS,67.59,45.0
USG02410,CUST0134,2026-07-01,Data,1745.4,4.99
USG02411,CUST0134,2026-07-01,Voice,1120.57,173.7
USG02412,CUST0134,2026-07-01,SMS,124.94,35.0
USG02413,CUST0135,2026-02-01,Data,2867.61,8.19
USG02414,CUST0135,2026-02-01,Voice,966.05,99.9
USG02415,CUST0135,2026-02-01,SMS,171.96,37.0
USG02416,CUST0135,2026-03-01,Data,2554.53,7.3
USG02417,CUST0135,2026-03-01,Voice,1014.03,72.9
USG02418,CUST0135,2026-03-01,SMS,146.21,27.0
USG02419,CUST0135,2026-04-01,Data,1173.48,3.35
USG02420,CUST0135,2026-04-01,Voice,461.17,223.2
USG02421,CUST0135,2026-04-01,SMS,61.37,5.0
USG02422,CUST0135,2026-05-01,Data,2259.62,6.46
USG02423,CUST0135,2026-05-01,Voice,329.74,49.3
USG02424,CUST0135,2026-05-01,SMS,62.75,33.0
USG02425,CUST0135,2026-06-01,Data,1637.36,4.68
USG02426,CUST0135,2026-06-01,Voice,196.8,291.8
USG02427,CUST0135,2026-06-01,SMS,148.89,29.0
USG02428,CUST0135,2026-07-01,Data,1228.61,3.51
USG02429,CUST0135,2026-07-01,Voice,620.97,195.3
USG02430,CUST0135,2026-07-01,SMS,46.35,19.0
USG02431,CUST0136,2026-02-01,Data,2634.53,7.53
USG02432,CUST0136,2026-02-01,Voice,419.07,126.5
USG02433,CUST0136,2026-02-01,SMS,176.83,55.0
USG02434,CUST0136,2026-03-01,Data,1288.45,3.68
USG02435,CUST0136,2026-03-01,Voice,867.88,25.5
USG02436,CUST0136,2026-03-01,SMS,152.42,42.0
USG02437,CUST0136,2026-04-01,Data,2514.27,7.18
USG02438,CUST0136,2026-04-01,Voice,1152.37,279.2
USG02439,CUST0136,2026-04-01,SMS,183.67,43.0
USG02440,CUST0136,2026-05-01,Data,1336.37,3.82
USG02441,CUST0136,2026-05-01,Voice,638.29,213.2
USG02442,CUST0136,2026-05-01,SMS,179.12,21.0
USG02443,CUST0136,2026-06-01,Data,2787.3,7.96
USG02444,CUST0136,2026-06-01,Voice,1005.94,294.1
USG02445,CUST0136,2026-06-01,SMS,178.45,26.0
USG02446,CUST0136,2026-07-01,Data,675.49,1.93
USG02447,CUST0136,2026-07-01,Voice,267.85,101.5
USG02448,CUST0136,2026-07-01,SMS,130.55,65.0
USG02449,CUST0137,2026-02-01,Data,4654.69,13.3
USG02450,CUST0137,2026-02-01,Voice,1368.4,21.6
USG02451,CUST0137,2026-02-01,SMS,91.01,12.0
USG02452,CUST0137,2026-03-01,Data,2285.89,6.53
USG02453,CUST0137,2026-03-01,Voice,1149.91,32.2
USG02454,CUST0137,2026-03-01,SMS,140.63,18.0
USG02455,CUST0137,2026-04-01,Data,3540.05,10.11
USG02456,CUST0137,2026-04-01,Voice,1083.73,158.7
USG02457,CUST0137,2026-04-01,SMS,164.87,77.0
USG02458,CUST0137,2026-05-01,Data,1629.13,4.65
USG02459,CUST0137,2026-05-01,Voice,1177.25,226.1
USG02460,CUST0137,2026-05-01,SMS,204.39,75.0
USG02461,CUST0137,2026-06-01,Data,2350.62,6.72
USG02462,CUST0137,2026-06-01,Voice,1082.66,44.8
USG02463,CUST0137,2026-06-01,SMS,220.35,27.0
USG02464,CUST0137,2026-07-01,Data,1388.57,3.97
USG02465,CUST0137,2026-07-01,Voice,1226.99,169.0
USG02466,CUST0137,2026-07-01,SMS,57.22,57.0
USG02467,CUST0138,2026-02-01,Data,2021.81,5.78
USG02468,CUST0138,2026-02-01,Voice,348.47,151.4
USG02469,CUST0138,2026-02-01,SMS,149.66,45.0
USG02470,CUST0138,2026-03-01,Data,1428.27,4.08
USG02471,CUST0138,2026-03-01,Voice,488.46,190.9
USG02472,CUST0138,2026-03-01,SMS,189.04,55.0
USG02473,CUST0138,2026-04-01,Data,594.34,1.7
USG02474,CUST0138,2026-04-01,Voice,633.72,269.4
USG02475,CUST0138,2026-04-01,SMS,37.0,79.0
USG02476,CUST0138,2026-05-01,Data,2867.58,8.19
USG02477,CUST0138,2026-05-01,Voice,232.19,281.4
USG02478,CUST0138,2026-05-01,SMS,85.36,68.0
USG02479,CUST0138,2026-06-01,Data,1487.8,4.25
USG02480,CUST0138,2026-06-01,Voice,612.9,197.6
USG02481,CUST0138,2026-06-01,SMS,159.41,8.0
USG02482,CUST0138,2026-07-01,Data,1942.21,5.55
USG02483,CUST0138,2026-07-01,Voice,346.07,116.9
USG02484,CUST0138,2026-07-01,SMS,82.63,40.0
USG02485,CUST0139,2026-02-01,Data,1268.75,3.62
USG02486,CUST0139,2026-02-01,Voice,262.73,60.8
USG02487,CUST0139,2026-02-01,SMS,26.02,40.0
USG02488,CUST0139,2026-03-01,Data,2881.56,8.23
USG02489,CUST0139,2026-03-01,Voice,271.46,285.0
USG02490,CUST0139,2026-03-01,SMS,152.01,53.0
USG02491,CUST0139,2026-04-01,Data,2077.72,5.94
USG02492,CUST0139,2026-04-01,Voice,1018.06,49.9
USG02493,CUST0139,2026-04-01,SMS,110.86,57.0
USG02494,CUST0139,2026-05-01,Data,1925.73,5.5
USG02495,CUST0139,2026-05-01,Voice,1024.42,40.2
USG02496,CUST0139,2026-05-01,SMS,144.33,45.0
USG02497,CUST0139,2026-06-01,Data,1385.82,3.96
USG02498,CUST0139,2026-06-01,Voice,507.29,193.8
USG02499,CUST0139,2026-06-01,SMS,180.38,42.0
USG02500,CUST0139,2026-07-01,Data,2544.28,7.27
USG02501,CUST0139,2026-07-01,Voice,572.26,48.7
USG02502,CUST0139,2026-07-01,SMS,31.07,9.0
USG02503,CUST0140,2026-02-01,Data,1388.39,3.97
USG02504,CUST0140,2026-02-01,Voice,504.1,221.0
USG02505,CUST0140,2026-02-01,SMS,153.71,9.0
USG02506,CUST0140,2026-03-01,Data,974.92,2.79
USG02507,CUST0140,2026-03-01,Voice,437.97,173.3
USG02508,CUST0140,2026-03-01,SMS,46.01,15.0
USG02509,CUST0140,2026-04-01,Data,2853.85,8.15
USG02510,CUST0140,2026-04-01,Voice,994.41,70.6
USG02511,CUST0140,2026-04-01,SMS,93.18,32.0
USG02512,CUST0140,2026-05-01,Data,2456.61,7.02
USG02513,CUST0140,2026-05-01,Voice,685.72,55.8
USG02514,CUST0140,2026-05-01,SMS,153.02,35.0
USG02515,CUST0140,2026-06-01,Data,1083.6,3.1
USG02516,CUST0140,2026-06-01,Voice,544.27,159.4
USG02517,CUST0140,2026-06-01,SMS,81.76,23.0
USG02518,CUST0140,2026-07-01,Data,1436.11,4.1
USG02519,CUST0140,2026-07-01,Voice,170.13,236.3
USG02520,CUST0140,2026-07-01,SMS,50.77,8.0
USG02521,CUST0141,2026-02-01,Data,2099.62,6.0
USG02522,CUST0141,2026-02-01,Voice,962.63,247.9
USG02523,CUST0141,2026-02-01,SMS,108.83,20.0
USG02524,CUST0141,2026-03-01,Data,2316.79,6.62
USG02525,CUST0141,2026-03-01,Voice,884.7,89.0
USG02526,CUST0141,2026-03-01,SMS,182.61,13.0
USG02527,CUST0141,2026-04-01,Data,2954.99,8.44
USG02528,CUST0141,2026-04-01,Voice,1053.26,212.6
USG02529,CUST0141,2026-04-01,SMS,188.97,59.0
USG02530,CUST0141,2026-05-01,Data,895.19,2.56
USG02531,CUST0141,2026-05-01,Voice,614.26,40.0
USG02532,CUST0141,2026-05-01,SMS,90.14,61.0
USG02533,CUST0141,2026-06-01,Data,1404.75,4.01
USG02534,CUST0141,2026-06-01,Voice,496.81,186.7
USG02535,CUST0141,2026-06-01,SMS,177.0,9.0
USG02536,CUST0141,2026-07-01,Data,1402.22,4.01
USG02537,CUST0141,2026-07-01,Voice,316.15,214.7
USG02538,CUST0141,2026-07-01,SMS,39.03,55.0
USG02539,CUST0142,2026-02-01,Data,1144.07,3.27
USG02540,CUST0142,2026-02-01,Voice,358.86,282.2
USG02541,CUST0142,2026-02-01,SMS,23.33,38.0
USG02542,CUST0142,2026-03-01,Data,456.23,1.3
USG02543,CUST0142,2026-03-01,Voice,657.77,160.3
USG02544,CUST0142,2026-03-01,SMS,77.9,15.0
USG02545,CUST0142,2026-04-01,Data,1378.61,3.94
USG02546,CUST0142,2026-04-01,Voice,855.88,239.1
USG02547,CUST0142,2026-04-01,SMS,115.54,49.0
USG02548,CUST0142,2026-05-01,Data,921.6,2.63
USG02549,CUST0142,2026-05-01,Voice,451.7,65.3
USG02550,CUST0142,2026-05-01,SMS,64.87,22.0
USG02551,CUST0142,2026-06-01,Data,1750.57,5.0
USG02552,CUST0142,2026-06-01,Voice,740.82,284.6
USG02553,CUST0142,2026-06-01,SMS,55.2,53.0
USG02554,CUST0142,2026-07-01,Data,2524.87,7.21
USG02555,CUST0142,2026-07-01,Voice,738.25,91.4
USG02556,CUST0142,2026-07-01,SMS,67.26,8.0
USG02557,CUST0143,2026-02-01,Data,1194.15,3.41
USG02558,CUST0143,2026-02-01,Voice,931.83,33.3
USG02559,CUST0143,2026-02-01,SMS,59.47,58.0
USG02560,CUST0143,2026-03-01,Data,2434.89,6.96
USG02561,CUST0143,2026-03-01,Voice,628.08,215.5
USG02562,CUST0143,2026-03-01,SMS,89.83,17.0
USG02563,CUST0143,2026-04-01,Data,1435.19,4.1
USG02564,CUST0143,2026-04-01,Voice,758.97,285.5
USG02565,CUST0143,2026-04-01,SMS,32.38,43.0
USG02566,CUST0143,2026-05-01,Data,1255.19,3.59
USG02567,CUST0143,2026-05-01,Voice,683.73,26.7
USG02568,CUST0143,2026-05-01,SMS,76.34,66.0
USG02569,CUST0143,2026-06-01,Data,1840.25,5.26
USG02570,CUST0143,2026-06-01,Voice,623.11,99.9
USG02571,CUST0143,2026-06-01,SMS,73.65,34.0
USG02572,CUST0143,2026-07-01,Data,2572.48,7.35
USG02573,CUST0143,2026-07-01,Voice,1165.57,142.8
USG02574,CUST0143,2026-07-01,SMS,90.8,68.0
USG02575,CUST0144,2026-02-01,Data,1509.95,4.31
USG02576,CUST0144,2026-02-01,Voice,729.62,84.7
USG02577,CUST0144,2026-02-01,SMS,153.83,45.0
USG02578,CUST0144,2026-03-01,Data,2503.49,7.15
USG02579,CUST0144,2026-03-01,Voice,969.77,80.2
USG02580,CUST0144,2026-03-01,SMS,148.81,65.0
USG02581,CUST0144,2026-04-01,Data,1299.88,3.71
USG02582,CUST0144,2026-04-01,Voice,331.24,20.7
USG02583,CUST0144,2026-04-01,SMS,101.16,31.0
USG02584,CUST0144,2026-05-01,Data,1842.77,5.27
USG02585,CUST0144,2026-05-01,Voice,347.44,260.7
USG02586,CUST0144,2026-05-01,SMS,66.4,22.0
USG02587,CUST0144,2026-06-01,Data,1649.86,4.71
USG02588,CUST0144,2026-06-01,Voice,673.79,80.2
USG02589,CUST0144,2026-06-01,SMS,68.93,18.0
USG02590,CUST0144,2026-07-01,Data,2268.0,6.48
USG02591,CUST0144,2026-07-01,Voice,958.59,149.5
USG02592,CUST0144,2026-07-01,SMS,148.54,60.0
USG02593,CUST0145,2026-02-01,Data,759.52,2.17
USG02594,CUST0145,2026-02-01,Voice,1164.49,249.9
USG02595,CUST0145,2026-02-01,SMS,56.81,19.0
USG02596,CUST0145,2026-03-01,Data,726.72,2.08
USG02597,CUST0145,2026-03-01,Voice,295.3,229.5
USG02598,CUST0145,2026-03-01,SMS,104.54,64.0
USG02599,CUST0145,2026-04-01,Data,2340.26,6.69
USG02600,CUST0145,2026-04-01,Voice,784.84,212.2
USG02601,CUST0145,2026-04-01,SMS,23.3,28.0
USG02602,CUST0145,2026-05-01,Data,2058.34,5.88
USG02603,CUST0145,2026-05-01,Voice,159.81,29.2
USG02604,CUST0145,2026-05-01,SMS,173.34,56.0
USG02605,CUST0145,2026-06-01,Data,1089.96,3.11
USG02606,CUST0145,2026-06-01,Voice,872.36,241.9
USG02607,CUST0145,2026-06-01,SMS,75.22,8.0
USG02608,CUST0145,2026-07-01,Data,2825.23,8.07
USG02609,CUST0145,2026-07-01,Voice,512.44,49.8
USG02610,CUST0145,2026-07-01,SMS,108.53,63.0
USG02611,CUST0146,2026-02-01,Data,976.28,2.79
USG02612,CUST0146,2026-02-01,Voice,432.96,88.0
USG02613,CUST0146,2026-02-01,SMS,198.5,20.0
USG02614,CUST0146,2026-03-01,Data,1896.35,5.42
USG02615,CUST0146,2026-03-01,Voice,1121.53,61.1
USG02616,CUST0146,2026-03-01,SMS,194.75,76.0
USG02617,CUST0146,2026-04-01,Data,2699.89,7.71
USG02618,CUST0146,2026-04-01,Voice,375.28,197.5
USG02619,CUST0146,2026-04-01,SMS,156.96,79.0
USG02620,CUST0146,2026-05-01,Data,869.1,2.48
USG02621,CUST0146,2026-05-01,Voice,954.33,114.9
USG02622,CUST0146,2026-05-01,SMS,51.61,37.0
USG02623,CUST0146,2026-06-01,Data,2463.97,7.04
USG02624,CUST0146,2026-06-01,Voice,638.09,170.5
USG02625,CUST0146,2026-06-01,SMS,199.13,35.0
USG02626,CUST0146,2026-07-01,Data,2000.04,5.71
USG02627,CUST0146,2026-07-01,Voice,533.51,130.0
USG02628,CUST0146,2026-07-01,SMS,145.22,75.0
USG02629,CUST0147,2026-02-01,Data,1810.13,5.17
USG02630,CUST0147,2026-02-01,Voice,956.82,45.0
USG02631,CUST0147,2026-02-01,SMS,58.01,43.0
USG02632,CUST0147,2026-03-01,Data,452.03,1.29
USG02633,CUST0147,2026-03-01,Voice,415.5,164.9
USG02634,CUST0147,2026-03-01,SMS,22.69,25.0
USG02635,CUST0147,2026-04-01,Data,1736.48,4.96
USG02636,CUST0147,2026-04-01,Voice,751.81,279.2
USG02637,CUST0147,2026-04-01,SMS,136.16,36.0
USG02638,CUST0147,2026-05-01,Data,2818.91,8.05
USG02639,CUST0147,2026-05-01,Voice,974.13,76.0
USG02640,CUST0147,2026-05-01,SMS,43.55,56.0
USG02641,CUST0147,2026-06-01,Data,1855.7,5.3
USG02642,CUST0147,2026-06-01,Voice,979.16,226.9
USG02643,CUST0147,2026-06-01,SMS,132.54,79.0
USG02644,CUST0147,2026-07-01,Data,1787.33,5.11
USG02645,CUST0147,2026-07-01,Voice,268.76,251.9
USG02646,CUST0147,2026-07-01,SMS,65.33,63.0
USG02647,CUST0148,2026-02-01,Data,2888.48,8.25
USG02648,CUST0148,2026-02-01,Voice,881.64,186.9
USG02649,CUST0148,2026-02-01,SMS,102.87,32.0
USG02650,CUST0148,2026-03-01,Data,1317.81,3.77
USG02651,CUST0148,2026-03-01,Voice,818.19,230.4
USG02652,CUST0148,2026-03-01,SMS,142.13,20.0
USG02653,CUST0148,2026-04-01,Data,1684.37,4.81
USG02654,CUST0148,2026-04-01,Voice,981.22,153.2
USG02655,CUST0148,2026-04-01,SMS,116.59,63.0
USG02656,CUST0148,2026-05-01,Data,2119.29,6.06
USG02657,CUST0148,2026-05-01,Voice,579.81,270.7
USG02658,CUST0148,2026-05-01,SMS,49.26,80.0
USG02659,CUST0148,2026-06-01,Data,709.02,2.03
USG02660,CUST0148,2026-06-01,Voice,165.7,269.2
USG02661,CUST0148,2026-06-01,SMS,64.09,60.0
USG02662,CUST0148,2026-07-01,Data,2508.64,7.17
USG02663,CUST0148,2026-07-01,Voice,1051.94,297.6
USG02664,CUST0148,2026-07-01,SMS,72.93,58.0
USG02665,CUST0149,2026-02-01,Data,700.04,2.0
USG02666,CUST0149,2026-02-01,Voice,577.15,257.4
USG02667,CUST0149,2026-02-01,SMS,86.18,49.0
USG02668,CUST0149,2026-03-01,Data,1709.81,4.89
USG02669,CUST0149,2026-03-01,Voice,828.25,292.4
USG02670,CUST0149,2026-03-01,SMS,30.03,48.0
USG02671,CUST0149,2026-04-01,Data,2643.87,7.55
USG02672,CUST0149,2026-04-01,Voice,655.45,42.0
USG02673,CUST0149,2026-04-01,SMS,120.9,30.0
USG02674,CUST0149,2026-05-01,Data,802.85,2.29
USG02675,CUST0149,2026-05-01,Voice,1041.49,166.0
USG02676,CUST0149,2026-05-01,SMS,187.99,65.0
USG02677,CUST0149,2026-06-01,Data,2201.73,6.29
USG02678,CUST0149,2026-06-01,Voice,155.28,139.8
USG02679,CUST0149,2026-06-01,SMS,55.55,73.0
USG02680,CUST0149,2026-07-01,Data,853.92,2.44
USG02681,CUST0149,2026-07-01,Voice,450.36,164.7
USG02682,CUST0149,2026-07-01,SMS,67.41,21.0
USG02683,CUST0150,2026-02-01,Data,1957.66,5.59
USG02684,CUST0150,2026-02-01,Voice,243.38,36.3
USG02685,CUST0150,2026-02-01,SMS,87.0,59.0
USG02686,CUST0150,2026-03-01,Data,1842.5,5.26
USG02687,CUST0150,2026-03-01,Voice,594.02,178.4
USG02688,CUST0150,2026-03-01,SMS,85.78,75.0
USG02689,CUST0150,2026-04-01,Data,542.75,1.55
USG02690,CUST0150,2026-04-01,Voice,857.06,269.6
USG02691,CUST0150,2026-04-01,SMS,164.7,19.0
USG02692,CUST0150,2026-05-01,Data,1169.41,3.34
USG02693,CUST0150,2026-05-01,Voice,902.9,43.6
USG02694,CUST0150,2026-05-01,SMS,166.14,59.0
USG02695,CUST0150,2026-06-01,Data,2296.98,6.56
USG02696,CUST0150,2026-06-01,Voice,255.25,221.0
USG02697,CUST0150,2026-06-01,SMS,142.37,67.0
USG02698,CUST0150,2026-07-01,Data,508.15,1.45
USG02699,CUST0150,2026-07-01,Voice,174.27,124.4
USG02700,CUST0150,2026-07-01,SMS,46.78,47.0
USG02701,CUST0151,2026-02-01,Data,2785.11,7.96
USG02702,CUST0151,2026-02-01,Voice,561.05,256.6
USG02703,CUST0151,2026-02-01,SMS,20.04,18.0
USG02704,CUST0151,2026-03-01,Data,479.1,1.37
USG02705,CUST0151,2026-03-01,Voice,494.55,274.3
USG02706,CUST0151,2026-03-01,SMS,37.45,50.0
USG02707,CUST0151,2026-04-01,Data,1573.89,4.5
USG02708,CUST0151,2026-04-01,Voice,1135.39,54.3
USG02709,CUST0151,2026-04-01,SMS,58.17,7.0
USG02710,CUST0151,2026-05-01,Data,1528.23,4.37
USG02711,CUST0151,2026-05-01,Voice,441.72,263.6
USG02712,CUST0151,2026-05-01,SMS,128.89,51.0
USG02713,CUST0151,2026-06-01,Data,1782.97,5.09
USG02714,CUST0151,2026-06-01,Voice,246.44,144.6
USG02715,CUST0151,2026-06-01,SMS,199.91,68.0
USG02716,CUST0151,2026-07-01,Data,2722.99,7.78
USG02717,CUST0151,2026-07-01,Voice,1014.39,48.9
USG02718,CUST0151,2026-07-01,SMS,60.94,5.0
USG02719,CUST0152,2026-02-01,Data,1189.13,3.4
USG02720,CUST0152,2026-02-01,Voice,264.04,152.4
USG02721,CUST0152,2026-02-01,SMS,141.88,71.0
USG02722,CUST0152,2026-03-01,Data,2347.96,6.71
USG02723,CUST0152,2026-03-01,Voice,1135.51,35.1
USG02724,CUST0152,2026-03-01,SMS,22.19,55.0
USG02725,CUST0152,2026-04-01,Data,1152.32,3.29
USG02726,CUST0152,2026-04-01,Voice,416.18,112.6
USG02727,CUST0152,2026-04-01,SMS,68.56,43.0
USG02728,CUST0152,2026-05-01,Data,1544.39,4.41
USG02729,CUST0152,2026-05-01,Voice,688.05,208.4
USG02730,CUST0152,2026-05-01,SMS,89.68,24.0
USG02731,CUST0152,2026-06-01,Data,832.12,2.38
USG02732,CUST0152,2026-06-01,Voice,516.95,227.7
USG02733,CUST0152,2026-06-01,SMS,156.21,55.0
USG02734,CUST0152,2026-07-01,Data,1008.47,2.88
USG02735,CUST0152,2026-07-01,Voice,767.49,179.8
USG02736,CUST0152,2026-07-01,SMS,107.17,46.0
USG02737,CUST0153,2026-02-01,Data,2853.71,8.15
USG02738,CUST0153,2026-02-01,Voice,1264.34,220.3
USG02739,CUST0153,2026-02-01,SMS,67.55,61.0
USG02740,CUST0153,2026-03-01,Data,1280.62,3.66
USG02741,CUST0153,2026-03-01,Voice,373.93,293.3
USG02742,CUST0153,2026-03-01,SMS,326.84,10.0
USG02743,CUST0153,2026-04-01,Data,2639.18,7.54
USG02744,CUST0153,2026-04-01,Voice,587.45,155.9
USG02745,CUST0153,2026-04-01,SMS,288.03,76.0
USG02746,CUST0153,2026-05-01,Data,3483.4,9.95
USG02747,CUST0153,2026-05-01,Voice,886.72,188.9
USG02748,CUST0153,2026-05-01,SMS,129.47,73.0
USG02749,CUST0153,2026-06-01,Data,4527.17,12.93
USG02750,CUST0153,2026-06-01,Voice,1251.44,110.9
USG02751,CUST0153,2026-06-01,SMS,123.78,8.0
USG02752,CUST0153,2026-07-01,Data,4285.93,12.25
USG02753,CUST0153,2026-07-01,Voice,1058.93,111.0
USG02754,CUST0153,2026-07-01,SMS,178.16,66.0
USG02755,CUST0154,2026-02-01,Data,724.0,2.07
USG02756,CUST0154,2026-02-01,Voice,1050.54,271.3
USG02757,CUST0154,2026-02-01,SMS,190.41,35.0
USG02758,CUST0154,2026-03-01,Data,964.57,2.76
USG02759,CUST0154,2026-03-01,Voice,542.32,113.2
USG02760,CUST0154,2026-03-01,SMS,51.71,51.0
USG02761,CUST0154,2026-04-01,Data,1639.22,4.68
USG02762,CUST0154,2026-04-01,Voice,1058.99,29.0
USG02763,CUST0154,2026-04-01,SMS,135.9,62.0
USG02764,CUST0154,2026-05-01,Data,2374.67,6.78
USG02765,CUST0154,2026-05-01,Voice,1080.38,224.1
USG02766,CUST0154,2026-05-01,SMS,187.01,30.0
USG02767,CUST0154,2026-06-01,Data,1708.34,4.88
USG02768,CUST0154,2026-06-01,Voice,164.78,21.9
USG02769,CUST0154,2026-06-01,SMS,63.22,13.0
USG02770,CUST0154,2026-07-01,Data,1076.55,3.08
USG02771,CUST0154,2026-07-01,Voice,335.9,28.0
USG02772,CUST0154,2026-07-01,SMS,183.67,6.0
USG02773,CUST0155,2026-02-01,Data,2313.81,6.61
USG02774,CUST0155,2026-02-01,Voice,309.76,275.4
USG02775,CUST0155,2026-02-01,SMS,180.7,54.0
USG02776,CUST0155,2026-03-01,Data,2147.81,6.14
USG02777,CUST0155,2026-03-01,Voice,155.61,295.8
USG02778,CUST0155,2026-03-01,SMS,178.01,72.0
USG02779,CUST0155,2026-04-01,Data,2114.04,6.04
USG02780,CUST0155,2026-04-01,Voice,512.03,270.2
USG02781,CUST0155,2026-04-01,SMS,72.47,47.0
USG02782,CUST0155,2026-05-01,Data,659.3,1.88
USG02783,CUST0155,2026-05-01,Voice,1118.05,59.4
USG02784,CUST0155,2026-05-01,SMS,60.48,47.0
USG02785,CUST0155,2026-06-01,Data,2386.64,6.82
USG02786,CUST0155,2026-06-01,Voice,800.32,85.0
USG02787,CUST0155,2026-06-01,SMS,20.17,62.0
USG02788,CUST0155,2026-07-01,Data,2961.54,8.46
USG02789,CUST0155,2026-07-01,Voice,1000.41,148.9
USG02790,CUST0155,2026-07-01,SMS,182.68,36.0
USG02791,CUST0156,2026-02-01,Data,1764.83,5.04
USG02792,CUST0156,2026-02-01,Voice,650.99,145.3
USG02793,CUST0156,2026-02-01,SMS,159.53,45.0
USG02794,CUST0156,2026-03-01,Data,1223.46,3.5
USG02795,CUST0156,2026-03-01,Voice,421.07,30.6
USG02796,CUST0156,2026-03-01,SMS,124.98,22.0
USG02797,CUST0156,2026-04-01,Data,785.15,2.24
USG02798,CUST0156,2026-04-01,Voice,836.52,210.7
USG02799,CUST0156,2026-04-01,SMS,155.39,43.0
USG02800,CUST0156,2026-05-01,Data,2724.54,7.78
USG02801,CUST0156,2026-05-01,Voice,1133.16,246.1
USG02802,CUST0156,2026-05-01,SMS,134.41,28.0
USG02803,CUST0156,2026-06-01,Data,2955.66,8.44
USG02804,CUST0156,2026-06-01,Voice,437.84,76.7
USG02805,CUST0156,2026-06-01,SMS,99.59,9.0
USG02806,CUST0156,2026-07-01,Data,2944.09,8.41
USG02807,CUST0156,2026-07-01,Voice,767.86,175.9
USG02808,CUST0156,2026-07-01,SMS,138.04,42.0
USG02809,CUST0157,2026-02-01,Data,821.72,2.35
USG02810,CUST0157,2026-02-01,Voice,1347.98,220.5
USG02811,CUST0157,2026-02-01,SMS,161.53,62.0
USG02812,CUST0157,2026-03-01,Data,1683.35,4.81
USG02813,CUST0157,2026-03-01,Voice,649.98,65.2
USG02814,CUST0157,2026-03-01,SMS,147.83,69.0
USG02815,CUST0157,2026-04-01,Data,4339.37,12.4
USG02816,CUST0157,2026-04-01,Voice,938.34,185.0
USG02817,CUST0157,2026-04-01,SMS,254.57,23.0
USG02818,CUST0157,2026-05-01,Data,1423.18,4.07
USG02819,CUST0157,2026-05-01,Voice,1990.19,192.9
USG02820,CUST0157,2026-05-01,SMS,334.31,30.0
USG02821,CUST0157,2026-06-01,Data,3787.4,10.82
USG02822,CUST0157,2026-06-01,Voice,652.35,93.1
USG02823,CUST0157,2026-06-01,SMS,190.64,29.0
USG02824,CUST0157,2026-07-01,Data,1420.89,4.06
USG02825,CUST0157,2026-07-01,Voice,724.24,30.0
USG02826,CUST0157,2026-07-01,SMS,249.55,42.0
USG02827,CUST0158,2026-02-01,Data,645.03,1.84
USG02828,CUST0158,2026-02-01,Voice,330.28,48.7
USG02829,CUST0158,2026-02-01,SMS,130.27,12.0
USG02830,CUST0158,2026-03-01,Data,2361.13,6.75
USG02831,CUST0158,2026-03-01,Voice,171.54,89.8
USG02832,CUST0158,2026-03-01,SMS,180.32,59.0
USG02833,CUST0158,2026-04-01,Data,589.72,1.68
USG02834,CUST0158,2026-04-01,Voice,1012.18,158.0
USG02835,CUST0158,2026-04-01,SMS,172.42,50.0
USG02836,CUST0158,2026-05-01,Data,2172.77,6.21
USG02837,CUST0158,2026-05-01,Voice,1193.18,85.1
USG02838,CUST0158,2026-05-01,SMS,132.31,40.0
USG02839,CUST0158,2026-06-01,Data,502.58,1.44
USG02840,CUST0158,2026-06-01,Voice,165.19,53.4
USG02841,CUST0158,2026-06-01,SMS,136.84,48.0
USG02842,CUST0158,2026-07-01,Data,1838.92,5.25
USG02843,CUST0158,2026-07-01,Voice,183.45,151.4
USG02844,CUST0158,2026-07-01,SMS,186.43,35.0
USG02845,CUST0159,2026-02-01,Data,2024.8,5.79
USG02846,CUST0159,2026-02-01,Voice,968.81,239.5
USG02847,CUST0159,2026-02-01,SMS,113.47,69.0
USG02848,CUST0159,2026-03-01,Data,1417.58,4.05
USG02849,CUST0159,2026-03-01,Voice,1083.13,87.3
USG02850,CUST0159,2026-03-01,SMS,70.44,9.0
USG02851,CUST0159,2026-04-01,Data,2468.51,7.05
USG02852,CUST0159,2026-04-01,Voice,587.91,84.2
USG02853,CUST0159,2026-04-01,SMS,61.72,73.0
USG02854,CUST0159,2026-05-01,Data,2568.18,7.34
USG02855,CUST0159,2026-05-01,Voice,731.21,192.5
USG02856,CUST0159,2026-05-01,SMS,105.38,34.0
USG02857,CUST0159,2026-06-01,Data,2780.24,7.94
USG02858,CUST0159,2026-06-01,Voice,281.89,137.2
USG02859,CUST0159,2026-06-01,SMS,82.02,42.0
USG02860,CUST0159,2026-07-01,Data,1589.84,4.54
USG02861,CUST0159,2026-07-01,Voice,694.83,59.2
USG02862,CUST0159,2026-07-01,SMS,112.37,23.0
USG02863,CUST0160,2026-02-01,Data,879.26,2.51
USG02864,CUST0160,2026-02-01,Voice,218.08,233.5
USG02865,CUST0160,2026-02-01,SMS,96.94,52.0
USG02866,CUST0160,2026-03-01,Data,2291.74,6.55
USG02867,CUST0160,2026-03-01,Voice,863.28,151.7
USG02868,CUST0160,2026-03-01,SMS,89.82,33.0
USG02869,CUST0160,2026-04-01,Data,2064.13,5.9
USG02870,CUST0160,2026-04-01,Voice,669.53,257.8
USG02871,CUST0160,2026-04-01,SMS,177.45,18.0
USG02872,CUST0160,2026-05-01,Data,754.21,2.15
USG02873,CUST0160,2026-05-01,Voice,811.92,104.3
USG02874,CUST0160,2026-05-01,SMS,23.34,72.0
USG02875,CUST0160,2026-06-01,Data,989.94,2.83
USG02876,CUST0160,2026-06-01,Voice,1125.74,220.9
USG02877,CUST0160,2026-06-01,SMS,157.28,20.0
USG02878,CUST0160,2026-07-01,Data,1008.91,2.88
USG02879,CUST0160,2026-07-01,Voice,697.33,68.2
USG02880,CUST0160,2026-07-01,SMS,74.98,29.0
USG02881,CUST0161,2026-02-01,Data,815.04,2.33
USG02882,CUST0161,2026-02-01,Voice,365.44,240.8
USG02883,CUST0161,2026-02-01,SMS,50.1,7.0
USG02884,CUST0161,2026-03-01,Data,2036.32,5.82
USG02885,CUST0161,2026-03-01,Voice,1174.78,112.7
USG02886,CUST0161,2026-03-01,SMS,41.36,48.0
USG02887,CUST0161,2026-04-01,Data,2756.52,7.88
USG02888,CUST0161,2026-04-01,Voice,973.26,194.3
USG02889,CUST0161,2026-04-01,SMS,76.71,46.0
USG02890,CUST0161,2026-05-01,Data,637.24,1.82
USG02891,CUST0161,2026-05-01,Voice,862.89,223.0
USG02892,CUST0161,2026-05-01,SMS,193.71,25.0
USG02893,CUST0161,2026-06-01,Data,447.99,1.28
USG02894,CUST0161,2026-06-01,Voice,722.89,217.9
USG02895,CUST0161,2026-06-01,SMS,162.27,20.0
USG02896,CUST0161,2026-07-01,Data,1080.56,3.09
USG02897,CUST0161,2026-07-01,Voice,688.22,112.6
USG02898,CUST0161,2026-07-01,SMS,174.89,41.0
USG02899,CUST0162,2026-02-01,Data,2478.9,7.08
USG02900,CUST0162,2026-02-01,Voice,759.65,236.5
USG02901,CUST0162,2026-02-01,SMS,79.88,67.0
USG02902,CUST0162,2026-03-01,Data,1113.89,3.18
USG02903,CUST0162,2026-03-01,Voice,723.4,79.9
USG02904,CUST0162,2026-03-01,SMS,105.59,29.0
USG02905,CUST0162,2026-04-01,Data,1093.43,3.12
USG02906,CUST0162,2026-04-01,Voice,1165.33,64.8
USG02907,CUST0162,2026-04-01,SMS,161.72,79.0
USG02908,CUST0162,2026-05-01,Data,451.74,1.29
USG02909,CUST0162,2026-05-01,Voice,883.98,90.8
USG02910,CUST0162,2026-05-01,SMS,27.29,35.0
USG02911,CUST0162,2026-06-01,Data,2831.57,8.09
USG02912,CUST0162,2026-06-01,Voice,162.35,184.6
USG02913,CUST0162,2026-06-01,SMS,110.25,71.0
USG02914,CUST0162,2026-07-01,Data,618.4,1.77
USG02915,CUST0162,2026-07-01,Voice,865.6,210.4
USG02916,CUST0162,2026-07-01,SMS,140.43,76.0
USG02917,CUST0163,2026-02-01,Data,2540.03,7.26
USG02918,CUST0163,2026-02-01,Voice,194.07,151.9
USG02919,CUST0163,2026-02-01,SMS,91.63,28.0
USG02920,CUST0163,2026-03-01,Data,1573.48,4.5
USG02921,CUST0163,2026-03-01,Voice,553.4,141.1
USG02922,CUST0163,2026-03-01,SMS,196.27,12.0
USG02923,CUST0163,2026-04-01,Data,2797.8,7.99
USG02924,CUST0163,2026-04-01,Voice,654.25,194.6
USG02925,CUST0163,2026-04-01,SMS,169.43,32.0
USG02926,CUST0163,2026-05-01,Data,1519.1,4.34
USG02927,CUST0163,2026-05-01,Voice,579.99,124.9
USG02928,CUST0163,2026-05-01,SMS,186.6,67.0
USG02929,CUST0163,2026-06-01,Data,683.4,1.95
USG02930,CUST0163,2026-06-01,Voice,263.53,139.8
USG02931,CUST0163,2026-06-01,SMS,37.76,51.0
USG02932,CUST0163,2026-07-01,Data,773.6,2.21
USG02933,CUST0163,2026-07-01,Voice,698.49,22.0
USG02934,CUST0163,2026-07-01,SMS,76.99,56.0
USG02935,CUST0164,2026-02-01,Data,1658.5,4.74
USG02936,CUST0164,2026-02-01,Voice,1177.18,264.7
USG02937,CUST0164,2026-02-01,SMS,84.63,8.0
USG02938,CUST0164,2026-03-01,Data,2598.63,7.42
USG02939,CUST0164,2026-03-01,Voice,1106.8,249.8
USG02940,CUST0164,2026-03-01,SMS,43.03,80.0
USG02941,CUST0164,2026-04-01,Data,1072.32,3.06
USG02942,CUST0164,2026-04-01,Voice,910.42,274.2
USG02943,CUST0164,2026-04-01,SMS,62.42,73.0
USG02944,CUST0164,2026-05-01,Data,1204.65,3.44
USG02945,CUST0164,2026-05-01,Voice,1175.23,98.8
USG02946,CUST0164,2026-05-01,SMS,191.62,9.0
USG02947,CUST0164,2026-06-01,Data,2244.11,6.41
USG02948,CUST0164,2026-06-01,Voice,708.72,153.8
USG02949,CUST0164,2026-06-01,SMS,60.23,58.0
USG02950,CUST0164,2026-07-01,Data,896.1,2.56
USG02951,CUST0164,2026-07-01,Voice,730.48,90.9
USG02952,CUST0164,2026-07-01,SMS,192.01,7.0
USG02953,CUST0165,2026-02-01,Data,919.29,2.63
USG02954,CUST0165,2026-02-01,Voice,404.43,135.9
USG02955,CUST0165,2026-02-01,SMS,61.89,42.0
USG02956,CUST0165,2026-03-01,Data,2668.41,7.62
USG02957,CUST0165,2026-03-01,Voice,897.67,182.4
USG02958,CUST0165,2026-03-01,SMS,36.02,57.0
USG02959,CUST0165,2026-04-01,Data,832.68,2.38
USG02960,CUST0165,2026-04-01,Voice,975.69,90.0
USG02961,CUST0165,2026-04-01,SMS,95.07,31.0
USG02962,CUST0165,2026-05-01,Data,2632.92,7.52
USG02963,CUST0165,2026-05-01,Voice,282.87,178.4
USG02964,CUST0165,2026-05-01,SMS,45.57,58.0
USG02965,CUST0165,2026-06-01,Data,2753.2,7.87
USG02966,CUST0165,2026-06-01,Voice,606.34,156.7
USG02967,CUST0165,2026-06-01,SMS,186.94,44.0
USG02968,CUST0165,2026-07-01,Data,1667.76,4.77
USG02969,CUST0165,2026-07-01,Voice,757.25,213.0
USG02970,CUST0165,2026-07-01,SMS,39.24,67.0
USG02971,CUST0166,2026-02-01,Data,1532.31,4.38
USG02972,CUST0166,2026-02-01,Voice,225.97,240.1
USG02973,CUST0166,2026-02-01,SMS,87.85,13.0
USG02974,CUST0166,2026-03-01,Data,2047.83,5.85
USG02975,CUST0166,2026-03-01,Voice,1074.14,268.6
USG02976,CUST0166,2026-03-01,SMS,192.38,70.0
USG02977,CUST0166,2026-04-01,Data,405.57,1.16
USG02978,CUST0166,2026-04-01,Voice,549.25,249.2
USG02979,CUST0166,2026-04-01,SMS,85.93,50.0
USG02980,CUST0166,2026-05-01,Data,1976.42,5.65
USG02981,CUST0166,2026-05-01,Voice,533.28,273.3
USG02982,CUST0166,2026-05-01,SMS,110.58,40.0
USG02983,CUST0166,2026-06-01,Data,2993.54,8.55
USG02984,CUST0166,2026-06-01,Voice,668.18,70.0
USG02985,CUST0166,2026-06-01,SMS,112.35,66.0
USG02986,CUST0166,2026-07-01,Data,2419.84,6.91
USG02987,CUST0166,2026-07-01,Voice,978.01,218.2
USG02988,CUST0166,2026-07-01,SMS,65.76,70.0
USG02989,CUST0167,2026-02-01,Data,2722.95,7.78
USG02990,CUST0167,2026-02-01,Voice,353.86,56.5
USG02991,CUST0167,2026-02-01,SMS,195.61,70.0
USG02992,CUST0167,2026-03-01,Data,2722.41,7.78
USG02993,CUST0167,2026-03-01,Voice,1080.7,171.7
USG02994,CUST0167,2026-03-01,SMS,136.35,46.0
USG02995,CUST0167,2026-04-01,Data,533.14,1.52
USG02996,CUST0167,2026-04-01,Voice,932.78,161.5
USG02997,CUST0167,2026-04-01,SMS,136.59,43.0
USG02998,CUST0167,2026-05-01,Data,1678.71,4.8
USG02999,CUST0167,2026-05-01,Voice,330.38,98.0
USG03000,CUST0167,2026-05-01,SMS,48.59,20.0
USG03001,CUST0167,2026-06-01,Data,2929.74,8.37
USG03002,CUST0167,2026-06-01,Voice,310.77,95.4
USG03003,CUST0167,2026-06-01,SMS,126.31,51.0
USG03004,CUST0167,2026-07-01,Data,800.33,2.29
USG03005,CUST0167,2026-07-01,Voice,983.4,239.9
USG03006,CUST0167,2026-07-01,SMS,62.72,27.0
USG03007,CUST0168,2026-02-01,Data,2838.77,8.11
USG03008,CUST0168,2026-02-01,Voice,1016.96,215.4
USG03009,CUST0168,2026-02-01,SMS,34.8,36.0
USG03010,CUST0168,2026-03-01,Data,1854.18,5.3
USG03011,CUST0168,2026-03-01,Voice,346.78,145.5
USG03012,CUST0168,2026-03-01,SMS,128.18,30.0
USG03013,CUST0168,2026-04-01,Data,2430.46,6.94
USG03014,CUST0168,2026-04-01,Voice,1032.47,110.6
USG03015,CUST0168,2026-04-01,SMS,170.96,13.0
USG03016,CUST0168,2026-05-01,Data,2578.1,7.37
USG03017,CUST0168,2026-05-01,Voice,310.39,43.2
USG03018,CUST0168,2026-05-01,SMS,135.52,40.0
USG03019,CUST0168,2026-06-01,Data,2760.52,7.89
USG03020,CUST0168,2026-06-01,Voice,531.35,100.4
USG03021,CUST0168,2026-06-01,SMS,110.13,39.0
USG03022,CUST0168,2026-07-01,Data,1295.51,3.7
USG03023,CUST0168,2026-07-01,Voice,878.43,232.7
USG03024,CUST0168,2026-07-01,SMS,173.54,78.0
USG03025,CUST0169,2026-02-01,Data,1093.31,3.12
USG03026,CUST0169,2026-02-01,Voice,901.9,130.4
USG03027,CUST0169,2026-02-01,SMS,141.87,41.0
USG03028,CUST0169,2026-03-01,Data,2983.81,8.53
USG03029,CUST0169,2026-03-01,Voice,915.35,286.7
USG03030,CUST0169,2026-03-01,SMS,170.29,73.0
USG03031,CUST0169,2026-04-01,Data,2517.49,7.19
USG03032,CUST0169,2026-04-01,Voice,632.12,90.5
USG03033,CUST0169,2026-04-01,SMS,86.66,7.0
USG03034,CUST0169,2026-05-01,Data,1762.38,5.04
USG03035,CUST0169,2026-05-01,Voice,680.31,167.1
USG03036,CUST0169,2026-05-01,SMS,195.33,73.0
USG03037,CUST0169,2026-06-01,Data,820.45,2.34
USG03038,CUST0169,2026-06-01,Voice,537.33,138.7
USG03039,CUST0169,2026-06-01,SMS,84.9,65.0
USG03040,CUST0169,2026-07-01,Data,1762.5,5.04
USG03041,CUST0169,2026-07-01,Voice,750.7,258.8
USG03042,CUST0169,2026-07-01,SMS,165.07,15.0
USG03043,CUST0170,2026-02-01,Data,2256.18,6.45
USG03044,CUST0170,2026-02-01,Voice,607.21,102.5
USG03045,CUST0170,2026-02-01,SMS,29.0,42.0
USG03046,CUST0170,2026-03-01,Data,1324.14,3.78
USG03047,CUST0170,2026-03-01,Voice,414.09,214.5
USG03048,CUST0170,2026-03-01,SMS,158.51,23.0
USG03049,CUST0170,2026-04-01,Data,528.56,1.51
USG03050,CUST0170,2026-04-01,Voice,1041.19,22.8
USG03051,CUST0170,2026-04-01,SMS,188.68,52.0
USG03052,CUST0170,2026-05-01,Data,1236.8,3.53
USG03053,CUST0170,2026-05-01,Voice,408.8,22.5
USG03054,CUST0170,2026-05-01,SMS,62.38,15.0
USG03055,CUST0170,2026-06-01,Data,1991.63,5.69
USG03056,CUST0170,2026-06-01,Voice,324.87,168.0
USG03057,CUST0170,2026-06-01,SMS,126.22,27.0
USG03058,CUST0170,2026-07-01,Data,491.17,1.4
USG03059,CUST0170,2026-07-01,Voice,189.12,27.4
USG03060,CUST0170,2026-07-01,SMS,153.04,29.0
USG03061,CUST0171,2026-02-01,Data,2470.38,7.06
USG03062,CUST0171,2026-02-01,Voice,603.32,146.8
USG03063,CUST0171,2026-02-01,SMS,112.32,58.0
USG03064,CUST0171,2026-03-01,Data,1111.11,3.17
USG03065,CUST0171,2026-03-01,Voice,277.67,175.7
USG03066,CUST0171,2026-03-01,SMS,78.86,38.0
USG03067,CUST0171,2026-04-01,Data,2082.06,5.95
USG03068,CUST0171,2026-04-01,Voice,668.83,193.7
USG03069,CUST0171,2026-04-01,SMS,117.96,60.0
USG03070,CUST0171,2026-05-01,Data,2235.44,6.39
USG03071,CUST0171,2026-05-01,Voice,710.9,210.1
USG03072,CUST0171,2026-05-01,SMS,177.24,37.0
USG03073,CUST0171,2026-06-01,Data,1473.18,4.21
USG03074,CUST0171,2026-06-01,Voice,952.46,183.1
USG03075,CUST0171,2026-06-01,SMS,32.78,72.0
USG03076,CUST0171,2026-07-01,Data,480.04,1.37
USG03077,CUST0171,2026-07-01,Voice,935.82,232.5
USG03078,CUST0171,2026-07-01,SMS,191.56,9.0
USG03079,CUST0172,2026-02-01,Data,1951.83,5.58
USG03080,CUST0172,2026-02-01,Voice,599.23,112.6
USG03081,CUST0172,2026-02-01,SMS,36.26,47.0
USG03082,CUST0172,2026-03-01,Data,1645.51,4.7
USG03083,CUST0172,2026-03-01,Voice,259.78,191.5
USG03084,CUST0172,2026-03-01,SMS,152.83,63.0
USG03085,CUST0172,2026-04-01,Data,2753.97,7.87
USG03086,CUST0172,2026-04-01,Voice,579.94,286.9
USG03087,CUST0172,2026-04-01,SMS,175.78,27.0
USG03088,CUST0172,2026-05-01,Data,814.14,2.33
USG03089,CUST0172,2026-05-01,Voice,607.16,132.5
USG03090,CUST0172,2026-05-01,SMS,123.63,49.0
USG03091,CUST0172,2026-06-01,Data,2349.97,6.71
USG03092,CUST0172,2026-06-01,Voice,685.38,49.4
USG03093,CUST0172,2026-06-01,SMS,174.49,28.0
USG03094,CUST0172,2026-07-01,Data,2925.37,8.36
USG03095,CUST0172,2026-07-01,Voice,273.75,288.3
USG03096,CUST0172,2026-07-01,SMS,36.38,22.0
USG03097,CUST0173,2026-02-01,Data,521.11,1.49
USG03098,CUST0173,2026-02-01,Voice,890.37,258.1
USG03099,CUST0173,2026-02-01,SMS,98.13,75.0
USG03100,CUST0173,2026-03-01,Data,1934.78,5.53
USG03101,CUST0173,2026-03-01,Voice,811.51,256.7
USG03102,CUST0173,2026-03-01,SMS,73.42,32.0
USG03103,CUST0173,2026-04-01,Data,2755.47,7.87
USG03104,CUST0173,2026-04-01,Voice,1096.01,293.4
USG03105,CUST0173,2026-04-01,SMS,182.33,15.0
USG03106,CUST0173,2026-05-01,Data,2541.68,7.26
USG03107,CUST0173,2026-05-01,Voice,580.33,297.4
USG03108,CUST0173,2026-05-01,SMS,105.01,47.0
USG03109,CUST0173,2026-06-01,Data,1777.41,5.08
USG03110,CUST0173,2026-06-01,Voice,487.82,41.0
USG03111,CUST0173,2026-06-01,SMS,181.22,65.0
USG03112,CUST0173,2026-07-01,Data,762.77,2.18
USG03113,CUST0173,2026-07-01,Voice,965.61,195.2
USG03114,CUST0173,2026-07-01,SMS,93.65,24.0
USG03115,CUST0174,2026-02-01,Data,2635.29,7.53
USG03116,CUST0174,2026-02-01,Voice,885.2,173.4
USG03117,CUST0174,2026-02-01,SMS,129.72,12.0
USG03118,CUST0174,2026-03-01,Data,1632.19,4.66
USG03119,CUST0174,2026-03-01,Voice,353.39,78.3
USG03120,CUST0174,2026-03-01,SMS,139.03,73.0
USG03121,CUST0174,2026-04-01,Data,1449.77,4.14
USG03122,CUST0174,2026-04-01,Voice,368.14,201.6
USG03123,CUST0174,2026-04-01,SMS,176.81,61.0
USG03124,CUST0174,2026-05-01,Data,2658.77,7.6
USG03125,CUST0174,2026-05-01,Voice,713.38,230.5
USG03126,CUST0174,2026-05-01,SMS,45.21,31.0
USG03127,CUST0174,2026-06-01,Data,1412.83,4.04
USG03128,CUST0174,2026-06-01,Voice,686.86,280.1
USG03129,CUST0174,2026-06-01,SMS,177.37,15.0
USG03130,CUST0174,2026-07-01,Data,849.25,2.43
USG03131,CUST0174,2026-07-01,Voice,525.52,101.4
USG03132,CUST0174,2026-07-01,SMS,130.66,73.0
USG03133,CUST0175,2026-02-01,Data,2901.96,8.29
USG03134,CUST0175,2026-02-01,Voice,836.28,254.7
USG03135,CUST0175,2026-02-01,SMS,114.54,21.0
USG03136,CUST0175,2026-03-01,Data,1764.19,5.04
USG03137,CUST0175,2026-03-01,Voice,732.84,227.9
USG03138,CUST0175,2026-03-01,SMS,59.58,33.0
USG03139,CUST0175,2026-04-01,Data,1346.47,3.85
USG03140,CUST0175,2026-04-01,Voice,1157.41,144.3
USG03141,CUST0175,2026-04-01,SMS,155.92,61.0
USG03142,CUST0175,2026-05-01,Data,1090.41,3.12
USG03143,CUST0175,2026-05-01,Voice,750.46,270.4
USG03144,CUST0175,2026-05-01,SMS,105.54,76.0
USG03145,CUST0175,2026-06-01,Data,957.59,2.74
USG03146,CUST0175,2026-06-01,Voice,227.87,269.6
USG03147,CUST0175,2026-06-01,SMS,172.58,79.0
USG03148,CUST0175,2026-07-01,Data,2166.42,6.19
USG03149,CUST0175,2026-07-01,Voice,1133.52,251.5
USG03150,CUST0175,2026-07-01,SMS,172.0,48.0
USG03151,CUST0176,2026-02-01,Data,1394.15,3.98
USG03152,CUST0176,2026-02-01,Voice,1131.29,141.0
USG03153,CUST0176,2026-02-01,SMS,116.99,38.0
USG03154,CUST0176,2026-03-01,Data,1868.53,5.34
USG03155,CUST0176,2026-03-01,Voice,644.03,33.4
USG03156,CUST0176,2026-03-01,SMS,178.77,38.0
USG03157,CUST0176,2026-04-01,Data,1931.25,5.52
USG03158,CUST0176,2026-04-01,Voice,296.15,20.9
USG03159,CUST0176,2026-04-01,SMS,64.15,58.0
USG03160,CUST0176,2026-05-01,Data,657.91,1.88
USG03161,CUST0176,2026-05-01,Voice,1104.33,80.2
USG03162,CUST0176,2026-05-01,SMS,56.83,19.0
USG03163,CUST0176,2026-06-01,Data,436.35,1.25
USG03164,CUST0176,2026-06-01,Voice,960.4,265.0
USG03165,CUST0176,2026-06-01,SMS,130.55,19.0
USG03166,CUST0176,2026-07-01,Data,1141.72,3.26
USG03167,CUST0176,2026-07-01,Voice,649.72,287.2
USG03168,CUST0176,2026-07-01,SMS,64.52,60.0
USG03169,CUST0177,2026-02-01,Data,1542.57,4.41
USG03170,CUST0177,2026-02-01,Voice,462.74,147.7
USG03171,CUST0177,2026-02-01,SMS,32.82,65.0
USG03172,CUST0177,2026-03-01,Data,1032.59,2.95
USG03173,CUST0177,2026-03-01,Voice,911.68,39.1
USG03174,CUST0177,2026-03-01,SMS,191.92,19.0
USG03175,CUST0177,2026-04-01,Data,2695.13,7.7
USG03176,CUST0177,2026-04-01,Voice,999.95,291.0
USG03177,CUST0177,2026-04-01,SMS,106.02,60.0
USG03178,CUST0177,2026-05-01,Data,1363.85,3.9
USG03179,CUST0177,2026-05-01,Voice,343.59,144.1
USG03180,CUST0177,2026-05-01,SMS,49.83,79.0
USG03181,CUST0177,2026-06-01,Data,650.24,1.86
USG03182,CUST0177,2026-06-01,Voice,768.67,195.4
USG03183,CUST0177,2026-06-01,SMS,116.85,55.0
USG03184,CUST0177,2026-07-01,Data,702.07,2.01
USG03185,CUST0177,2026-07-01,Voice,732.77,100.4
USG03186,CUST0177,2026-07-01,SMS,189.23,62.0
USG03187,CUST0178,2026-02-01,Data,2928.54,8.37
USG03188,CUST0178,2026-02-01,Voice,189.43,99.8
USG03189,CUST0178,2026-02-01,SMS,55.18,6.0
USG03190,CUST0178,2026-03-01,Data,1030.05,2.94
USG03191,CUST0178,2026-03-01,Voice,862.71,84.7
USG03192,CUST0178,2026-03-01,SMS,111.62,72.0
USG03193,CUST0178,2026-04-01,Data,2203.77,6.3
USG03194,CUST0178,2026-04-01,Voice,564.36,124.3
USG03195,CUST0178,2026-04-01,SMS,102.03,18.0
USG03196,CUST0178,2026-05-01,Data,2048.4,5.85
USG03197,CUST0178,2026-05-01,Voice,532.36,258.7
USG03198,CUST0178,2026-05-01,SMS,156.18,51.0
USG03199,CUST0178,2026-06-01,Data,1346.93,3.85
USG03200,CUST0178,2026-06-01,Voice,370.43,237.3
USG03201,CUST0178,2026-06-01,SMS,107.55,22.0
USG03202,CUST0178,2026-07-01,Data,907.45,2.59
USG03203,CUST0178,2026-07-01,Voice,323.67,237.6
USG03204,CUST0178,2026-07-01,SMS,61.22,44.0
USG03205,CUST0179,2026-02-01,Data,1574.02,4.5
USG03206,CUST0179,2026-02-01,Voice,758.59,265.6
USG03207,CUST0179,2026-02-01,SMS,176.19,39.0
USG03208,CUST0179,2026-03-01,Data,439.95,1.26
USG03209,CUST0179,2026-03-01,Voice,597.77,189.7
USG03210,CUST0179,2026-03-01,SMS,120.4,54.0
USG03211,CUST0179,2026-04-01,Data,800.6,2.29
USG03212,CUST0179,2026-04-01,Voice,828.86,71.1
USG03213,CUST0179,2026-04-01,SMS,155.09,30.0
USG03214,CUST0179,2026-05-01,Data,2245.73,6.42
USG03215,CUST0179,2026-05-01,Voice,200.26,134.2
USG03216,CUST0179,2026-05-01,SMS,146.91,22.0
USG03217,CUST0179,2026-06-01,Data,2467.75,7.05
USG03218,CUST0179,2026-06-01,Voice,812.32,184.5
USG03219,CUST0179,2026-06-01,SMS,83.64,41.0
USG03220,CUST0179,2026-07-01,Data,1953.11,5.58
USG03221,CUST0179,2026-07-01,Voice,646.09,215.5
USG03222,CUST0179,2026-07-01,SMS,98.07,20.0
USG03223,CUST0180,2026-02-01,Data,956.23,2.73
USG03224,CUST0180,2026-02-01,Voice,156.09,104.3
USG03225,CUST0180,2026-02-01,SMS,154.81,65.0
USG03226,CUST0180,2026-03-01,Data,926.42,2.65
USG03227,CUST0180,2026-03-01,Voice,1157.0,160.7
USG03228,CUST0180,2026-03-01,SMS,185.06,58.0
USG03229,CUST0180,2026-04-01,Data,2278.33,6.51
USG03230,CUST0180,2026-04-01,Voice,239.3,81.6
USG03231,CUST0180,2026-04-01,SMS,21.59,59.0
USG03232,CUST0180,2026-05-01,Data,1295.54,3.7
USG03233,CUST0180,2026-05-01,Voice,975.99,114.9
USG03234,CUST0180,2026-05-01,SMS,167.48,15.0
USG03235,CUST0180,2026-06-01,Data,850.77,2.43
USG03236,CUST0180,2026-06-01,Voice,507.92,134.4
USG03237,CUST0180,2026-06-01,SMS,82.77,62.0
USG03238,CUST0180,2026-07-01,Data,652.07,1.86
USG03239,CUST0180,2026-07-01,Voice,518.78,254.4
USG03240,CUST0180,2026-07-01,SMS,32.02,76.0
USG03241,CUST0181,2026-02-01,Data,2964.42,8.47
USG03242,CUST0181,2026-02-01,Voice,243.0,101.6
USG03243,CUST0181,2026-02-01,SMS,87.03,63.0
USG03244,CUST0181,2026-03-01,Data,1949.41,5.57
USG03245,CUST0181,2026-03-01,Voice,826.58,232.1
USG03246,CUST0181,2026-03-01,SMS,41.24,67.0
USG03247,CUST0181,2026-04-01,Data,2234.61,6.38
USG03248,CUST0181,2026-04-01,Voice,756.21,269.1
USG03249,CUST0181,2026-04-01,SMS,146.06,20.0
USG03250,CUST0181,2026-05-01,Data,1517.34,4.34
USG03251,CUST0181,2026-05-01,Voice,668.75,35.5
USG03252,CUST0181,2026-05-01,SMS,191.83,15.0
USG03253,CUST0181,2026-06-01,Data,2213.4,6.32
USG03254,CUST0181,2026-06-01,Voice,681.54,27.2
USG03255,CUST0181,2026-06-01,SMS,186.45,69.0
USG03256,CUST0181,2026-07-01,Data,1763.07,5.04
USG03257,CUST0181,2026-07-01,Voice,390.39,54.1
USG03258,CUST0181,2026-07-01,SMS,85.41,24.0
USG03259,CUST0182,2026-02-01,Data,1717.4,4.91
USG03260,CUST0182,2026-02-01,Voice,1164.73,181.0
USG03261,CUST0182,2026-02-01,SMS,180.19,54.0
USG03262,CUST0182,2026-03-01,Data,1635.64,4.67
USG03263,CUST0182,2026-03-01,Voice,1047.34,152.0
USG03264,CUST0182,2026-03-01,SMS,176.35,27.0
USG03265,CUST0182,2026-04-01,Data,734.91,2.1
USG03266,CUST0182,2026-04-01,Voice,1048.08,184.5
USG03267,CUST0182,2026-04-01,SMS,180.04,75.0
USG03268,CUST0182,2026-05-01,Data,539.43,1.54
USG03269,CUST0182,2026-05-01,Voice,676.02,125.0
USG03270,CUST0182,2026-05-01,SMS,132.65,65.0
USG03271,CUST0182,2026-06-01,Data,1129.53,3.23
USG03272,CUST0182,2026-06-01,Voice,734.64,218.4
USG03273,CUST0182,2026-06-01,SMS,44.2,66.0
USG03274,CUST0182,2026-07-01,Data,1975.88,5.65
USG03275,CUST0182,2026-07-01,Voice,1147.01,115.1
USG03276,CUST0182,2026-07-01,SMS,39.47,43.0
USG03277,CUST0183,2026-02-01,Data,623.11,1.78
USG03278,CUST0183,2026-02-01,Voice,1168.0,30.8
USG03279,CUST0183,2026-02-01,SMS,155.63,44.0
USG03280,CUST0183,2026-03-01,Data,1358.41,3.88
USG03281,CUST0183,2026-03-01,Voice,219.13,194.2
USG03282,CUST0183,2026-03-01,SMS,125.34,26.0
USG03283,CUST0183,2026-04-01,Data,2766.58,7.9
USG03284,CUST0183,2026-04-01,Voice,469.32,145.9
USG03285,CUST0183,2026-04-01,SMS,117.88,13.0
USG03286,CUST0183,2026-05-01,Data,2823.62,8.07
USG03287,CUST0183,2026-05-01,Voice,543.26,42.6
USG03288,CUST0183,2026-05-01,SMS,89.71,50.0
USG03289,CUST0183,2026-06-01,Data,1735.5,4.96
USG03290,CUST0183,2026-06-01,Voice,879.27,35.5
USG03291,CUST0183,2026-06-01,SMS,71.22,66.0
USG03292,CUST0183,2026-07-01,Data,607.72,1.74
USG03293,CUST0183,2026-07-01,Voice,1048.26,45.7
USG03294,CUST0183,2026-07-01,SMS,170.2,32.0
USG03295,CUST0184,2026-02-01,Data,3385.96,9.67
USG03296,CUST0184,2026-02-01,Voice,527.9,38.5
USG03297,CUST0184,2026-02-01,SMS,100.08,15.0
USG03298,CUST0184,2026-03-01,Data,2060.83,5.89
USG03299,CUST0184,2026-03-01,Voice,1173.17,184.9
USG03300,CUST0184,2026-03-01,SMS,275.7,54.0
USG03301,CUST0184,2026-04-01,Data,3370.71,9.63
USG03302,CUST0184,2026-04-01,Voice,990.03,152.7
USG03303,CUST0184,2026-04-01,SMS,160.84,68.0
USG03304,CUST0184,2026-05-01,Data,1696.6,4.85
USG03305,CUST0184,2026-05-01,Voice,265.21,202.4
USG03306,CUST0184,2026-05-01,SMS,95.95,72.0
USG03307,CUST0184,2026-06-01,Data,4476.98,12.79
USG03308,CUST0184,2026-06-01,Voice,391.96,49.8
USG03309,CUST0184,2026-06-01,SMS,185.52,51.0
USG03310,CUST0184,2026-07-01,Data,1895.09,5.41
USG03311,CUST0184,2026-07-01,Voice,1534.48,186.6
USG03312,CUST0184,2026-07-01,SMS,133.4,7.0
USG03313,CUST0185,2026-02-01,Data,2350.39,6.72
USG03314,CUST0185,2026-02-01,Voice,375.49,253.7
USG03315,CUST0185,2026-02-01,SMS,95.65,48.0
USG03316,CUST0185,2026-03-01,Data,2669.67,7.63
USG03317,CUST0185,2026-03-01,Voice,1056.8,124.0
USG03318,CUST0185,2026-03-01,SMS,57.6,63.0
USG03319,CUST0185,2026-04-01,Data,1526.01,4.36
USG03320,CUST0185,2026-04-01,Voice,351.64,273.2
USG03321,CUST0185,2026-04-01,SMS,55.66,7.0
USG03322,CUST0185,2026-05-01,Data,452.73,1.29
USG03323,CUST0185,2026-05-01,Voice,803.43,205.3
USG03324,CUST0185,2026-05-01,SMS,75.99,29.0
USG03325,CUST0185,2026-06-01,Data,1282.68,3.66
USG03326,CUST0185,2026-06-01,Voice,864.17,36.3
USG03327,CUST0185,2026-06-01,SMS,187.24,22.0
USG03328,CUST0185,2026-07-01,Data,2999.15,8.57
USG03329,CUST0185,2026-07-01,Voice,330.1,236.0
USG03330,CUST0185,2026-07-01,SMS,60.21,11.0
USG03331,CUST0186,2026-02-01,Data,2674.83,7.64
USG03332,CUST0186,2026-02-01,Voice,1051.69,133.0
USG03333,CUST0186,2026-02-01,SMS,146.43,47.0
USG03334,CUST0186,2026-03-01,Data,2617.69,7.48
USG03335,CUST0186,2026-03-01,Voice,480.81,166.6
USG03336,CUST0186,2026-03-01,SMS,107.37,32.0
USG03337,CUST0186,2026-04-01,Data,2717.78,7.77
USG03338,CUST0186,2026-04-01,Voice,324.17,61.9
USG03339,CUST0186,2026-04-01,SMS,123.84,54.0
USG03340,CUST0186,2026-05-01,Data,906.01,2.59
USG03341,CUST0186,2026-05-01,Voice,560.25,285.0
USG03342,CUST0186,2026-05-01,SMS,64.39,55.0
USG03343,CUST0186,2026-06-01,Data,2324.39,6.64
USG03344,CUST0186,2026-06-01,Voice,620.54,282.5
USG03345,CUST0186,2026-06-01,SMS,152.6,39.0
USG03346,CUST0186,2026-07-01,Data,1880.27,5.37
USG03347,CUST0186,2026-07-01,Voice,877.24,185.8
USG03348,CUST0186,2026-07-01,SMS,178.17,32.0
USG03349,CUST0187,2026-02-01,Data,1179.7,3.37
USG03350,CUST0187,2026-02-01,Voice,374.53,30.6
USG03351,CUST0187,2026-02-01,SMS,27.74,70.0
USG03352,CUST0187,2026-03-01,Data,2163.82,6.18
USG03353,CUST0187,2026-03-01,Voice,843.56,192.1
USG03354,CUST0187,2026-03-01,SMS,172.86,41.0
USG03355,CUST0187,2026-04-01,Data,2663.07,7.61
USG03356,CUST0187,2026-04-01,Voice,527.42,279.5
USG03357,CUST0187,2026-04-01,SMS,145.76,24.0
USG03358,CUST0187,2026-05-01,Data,1866.62,5.33
USG03359,CUST0187,2026-05-01,Voice,709.68,58.6
USG03360,CUST0187,2026-05-01,SMS,126.42,29.0
USG03361,CUST0187,2026-06-01,Data,536.11,1.53
USG03362,CUST0187,2026-06-01,Voice,1146.09,199.6
USG03363,CUST0187,2026-06-01,SMS,177.85,56.0
USG03364,CUST0187,2026-07-01,Data,1328.16,3.79
USG03365,CUST0187,2026-07-01,Voice,688.32,209.2
USG03366,CUST0187,2026-07-01,SMS,192.85,24.0
USG03367,CUST0188,2026-02-01,Data,2674.94,7.64
USG03368,CUST0188,2026-02-01,Voice,1120.28,207.7
USG03369,CUST0188,2026-02-01,SMS,187.63,35.0
USG03370,CUST0188,2026-03-01,Data,2877.84,8.22
USG03371,CUST0188,2026-03-01,Voice,887.92,31.8
USG03372,CUST0188,2026-03-01,SMS,183.24,41.0
USG03373,CUST0188,2026-04-01,Data,1596.85,4.56
USG03374,CUST0188,2026-04-01,Voice,744.79,61.8
USG03375,CUST0188,2026-04-01,SMS,104.45,67.0
USG03376,CUST0188,2026-05-01,Data,440.25,1.26
USG03377,CUST0188,2026-05-01,Voice,436.56,20.7
USG03378,CUST0188,2026-05-01,SMS,94.83,60.0
USG03379,CUST0188,2026-06-01,Data,2476.81,7.08
USG03380,CUST0188,2026-06-01,Voice,1142.45,190.4
USG03381,CUST0188,2026-06-01,SMS,65.83,74.0
USG03382,CUST0188,2026-07-01,Data,2415.82,6.9
USG03383,CUST0188,2026-07-01,Voice,753.15,214.8
USG03384,CUST0188,2026-07-01,SMS,186.38,58.0
USG03385,CUST0189,2026-02-01,Data,1357.77,3.88
USG03386,CUST0189,2026-02-01,Voice,898.68,31.3
USG03387,CUST0189,2026-02-01,SMS,89.55,35.0
USG03388,CUST0189,2026-03-01,Data,833.78,2.38
USG03389,CUST0189,2026-03-01,Voice,174.24,57.3
USG03390,CUST0189,2026-03-01,SMS,137.83,65.0
USG03391,CUST0189,2026-04-01,Data,2969.33,8.48
USG03392,CUST0189,2026-04-01,Voice,513.68,187.8
USG03393,CUST0189,2026-04-01,SMS,188.69,18.0
USG03394,CUST0189,2026-05-01,Data,2265.88,6.47
USG03395,CUST0189,2026-05-01,Voice,942.73,44.9
USG03396,CUST0189,2026-05-01,SMS,175.02,66.0
USG03397,CUST0189,2026-06-01,Data,486.85,1.39
USG03398,CUST0189,2026-06-01,Voice,245.64,33.8
USG03399,CUST0189,2026-06-01,SMS,80.25,43.0
USG03400,CUST0189,2026-07-01,Data,1784.1,5.1
USG03401,CUST0189,2026-07-01,Voice,431.05,275.2
USG03402,CUST0189,2026-07-01,SMS,86.29,8.0
USG03403,CUST0190,2026-02-01,Data,1180.59,3.37
USG03404,CUST0190,2026-02-01,Voice,707.66,134.3
USG03405,CUST0190,2026-02-01,SMS,69.29,15.0
USG03406,CUST0190,2026-03-01,Data,2529.83,7.23
USG03407,CUST0190,2026-03-01,Voice,1195.95,112.3
USG03408,CUST0190,2026-03-01,SMS,88.69,51.0
USG03409,CUST0190,2026-04-01,Data,2267.95,6.48
USG03410,CUST0190,2026-04-01,Voice,561.63,273.4
USG03411,CUST0190,2026-04-01,SMS,120.8,39.0
USG03412,CUST0190,2026-05-01,Data,2081.35,5.95
USG03413,CUST0190,2026-05-01,Voice,1150.44,242.5
USG03414,CUST0190,2026-05-01,SMS,27.2,30.0
USG03415,CUST0190,2026-06-01,Data,1623.42,4.64
USG03416,CUST0190,2026-06-01,Voice,480.24,216.1
USG03417,CUST0190,2026-06-01,SMS,168.73,60.0
USG03418,CUST0190,2026-07-01,Data,2972.27,8.49
USG03419,CUST0190,2026-07-01,Voice,436.18,265.0
USG03420,CUST0190,2026-07-01,SMS,157.99,32.0
USG03421,CUST0191,2026-02-01,Data,2308.72,6.6
USG03422,CUST0191,2026-02-01,Voice,259.28,241.0
USG03423,CUST0191,2026-02-01,SMS,115.82,27.0
USG03424,CUST0191,2026-03-01,Data,2105.02,6.01
USG03425,CUST0191,2026-03-01,Voice,823.7,78.7
USG03426,CUST0191,2026-03-01,SMS,25.47,38.0
USG03427,CUST0191,2026-04-01,Data,1880.73,5.37
USG03428,CUST0191,2026-04-01,Voice,1070.44,279.9
USG03429,CUST0191,2026-04-01,SMS,115.18,62.0
USG03430,CUST0191,2026-05-01,Data,1542.19,4.41
USG03431,CUST0191,2026-05-01,Voice,933.39,77.3
USG03432,CUST0191,2026-05-01,SMS,86.79,53.0
USG03433,CUST0191,2026-06-01,Data,447.21,1.28
USG03434,CUST0191,2026-06-01,Voice,908.58,253.9
USG03435,CUST0191,2026-06-01,SMS,91.85,39.0
USG03436,CUST0191,2026-07-01,Data,2613.33,7.47
USG03437,CUST0191,2026-07-01,Voice,964.44,100.7
USG03438,CUST0191,2026-07-01,SMS,78.32,56.0
USG03439,CUST0192,2026-02-01,Data,3169.34,9.06
USG03440,CUST0192,2026-02-01,Voice,544.58,106.8
USG03441,CUST0192,2026-02-01,SMS,309.39,57.0
USG03442,CUST0192,2026-03-01,Data,5038.01,14.39
USG03443,CUST0192,2026-03-01,Voice,1624.12,283.8
USG03444,CUST0192,2026-03-01,SMS,100.15,63.0
USG03445,CUST0192,2026-04-01,Data,769.36,2.2
USG03446,CUST0192,2026-04-01,Voice,1452.31,151.4
USG03447,CUST0192,2026-04-01,SMS,140.11,70.0
USG03448,CUST0192,2026-05-01,Data,4455.86,12.73
USG03449,CUST0192,2026-05-01,Voice,294.81,190.7
USG03450,CUST0192,2026-05-01,SMS,146.56,36.0
USG03451,CUST0192,2026-06-01,Data,4357.62,12.45
USG03452,CUST0192,2026-06-01,Voice,808.06,284.1
USG03453,CUST0192,2026-06-01,SMS,88.97,55.0
USG03454,CUST0192,2026-07-01,Data,3650.7,10.43
USG03455,CUST0192,2026-07-01,Voice,705.17,110.9
USG03456,CUST0192,2026-07-01,SMS,289.45,62.0
USG03457,CUST0193,2026-02-01,Data,1255.65,3.59
USG03458,CUST0193,2026-02-01,Voice,710.65,37.3
USG03459,CUST0193,2026-02-01,SMS,57.57,41.0
USG03460,CUST0193,2026-03-01,Data,623.53,1.78
USG03461,CUST0193,2026-03-01,Voice,1035.5,221.0
USG03462,CUST0193,2026-03-01,SMS,189.85,57.0
USG03463,CUST0193,2026-04-01,Data,2845.04,8.13
USG03464,CUST0193,2026-04-01,Voice,732.24,188.1
USG03465,CUST0193,2026-04-01,SMS,195.85,53.0
USG03466,CUST0193,2026-05-01,Data,480.05,1.37
USG03467,CUST0193,2026-05-01,Voice,909.99,273.5
USG03468,CUST0193,2026-05-01,SMS,163.2,49.0
USG03469,CUST0193,2026-06-01,Data,2145.39,6.13
USG03470,CUST0193,2026-06-01,Voice,1189.7,45.4
USG03471,CUST0193,2026-06-01,SMS,140.1,26.0
USG03472,CUST0193,2026-07-01,Data,2064.24,5.9
USG03473,CUST0193,2026-07-01,Voice,788.0,63.0
USG03474,CUST0193,2026-07-01,SMS,57.21,52.0
USG03475,CUST0194,2026-02-01,Data,733.4,2.1
USG03476,CUST0194,2026-02-01,Voice,428.44,253.9
USG03477,CUST0194,2026-02-01,SMS,78.88,42.0
USG03478,CUST0194,2026-03-01,Data,2846.96,8.13
USG03479,CUST0194,2026-03-01,Voice,388.51,129.1
USG03480,CUST0194,2026-03-01,SMS,129.16,62.0
USG03481,CUST0194,2026-04-01,Data,2744.3,7.84
USG03482,CUST0194,2026-04-01,Voice,1111.25,237.5
USG03483,CUST0194,2026-04-01,SMS,61.1,7.0
USG03484,CUST0194,2026-05-01,Data,1397.81,3.99
USG03485,CUST0194,2026-05-01,Voice,298.63,218.9
USG03486,CUST0194,2026-05-01,SMS,139.0,8.0
USG03487,CUST0194,2026-06-01,Data,2575.14,7.36
USG03488,CUST0194,2026-06-01,Voice,411.18,141.0
USG03489,CUST0194,2026-06-01,SMS,140.23,37.0
USG03490,CUST0194,2026-07-01,Data,1547.35,4.42
USG03491,CUST0194,2026-07-01,Voice,218.91,132.4
USG03492,CUST0194,2026-07-01,SMS,157.67,74.0
USG03493,CUST0195,2026-02-01,Data,1475.09,4.21
USG03494,CUST0195,2026-02-01,Voice,594.77,216.7
USG03495,CUST0195,2026-02-01,SMS,189.7,25.0
USG03496,CUST0195,2026-03-01,Data,1544.37,4.41
USG03497,CUST0195,2026-03-01,Voice,985.77,190.7
USG03498,CUST0195,2026-03-01,SMS,39.91,52.0
USG03499,CUST0195,2026-04-01,Data,885.54,2.53
USG03500,CUST0195,2026-04-01,Voice,685.73,168.1
USG03501,CUST0195,2026-04-01,SMS,177.72,40.0
USG03502,CUST0195,2026-05-01,Data,1126.55,3.22
USG03503,CUST0195,2026-05-01,Voice,392.51,264.8
USG03504,CUST0195,2026-05-01,SMS,50.78,37.0
USG03505,CUST0195,2026-06-01,Data,886.65,2.53
USG03506,CUST0195,2026-06-01,Voice,961.97,152.8
USG03507,CUST0195,2026-06-01,SMS,83.21,32.0
USG03508,CUST0195,2026-07-01,Data,2615.76,7.47
USG03509,CUST0195,2026-07-01,Voice,731.46,221.0
USG03510,CUST0195,2026-07-01,SMS,181.47,73.0
USG03511,CUST0196,2026-02-01,Data,1254.12,3.58
USG03512,CUST0196,2026-02-01,Voice,1150.07,27.0
USG03513,CUST0196,2026-02-01,SMS,87.83,72.0
USG03514,CUST0196,2026-03-01,Data,1114.06,3.18
USG03515,CUST0196,2026-03-01,Voice,436.74,104.7
USG03516,CUST0196,2026-03-01,SMS,130.22,38.0
USG03517,CUST0196,2026-04-01,Data,2289.51,6.54
USG03518,CUST0196,2026-04-01,Voice,1089.66,208.8
USG03519,CUST0196,2026-04-01,SMS,56.8,75.0
USG03520,CUST0196,2026-05-01,Data,1087.68,3.11
USG03521,CUST0196,2026-05-01,Voice,307.39,45.2
USG03522,CUST0196,2026-05-01,SMS,121.41,14.0
USG03523,CUST0196,2026-06-01,Data,760.82,2.17
USG03524,CUST0196,2026-06-01,Voice,465.03,98.9
USG03525,CUST0196,2026-06-01,SMS,128.76,66.0
USG03526,CUST0196,2026-07-01,Data,2379.51,6.8
USG03527,CUST0196,2026-07-01,Voice,425.61,88.7
USG03528,CUST0196,2026-07-01,SMS,193.84,6.0
USG03529,CUST0197,2026-02-01,Data,2687.27,7.68
USG03530,CUST0197,2026-02-01,Voice,359.71,285.2
USG03531,CUST0197,2026-02-01,SMS,81.62,38.0
USG03532,CUST0197,2026-03-01,Data,2238.51,6.4
USG03533,CUST0197,2026-03-01,Voice,767.05,109.0
USG03534,CUST0197,2026-03-01,SMS,119.69,60.0
USG03535,CUST0197,2026-04-01,Data,510.07,1.46
USG03536,CUST0197,2026-04-01,Voice,161.76,148.3
USG03537,CUST0197,2026-04-01,SMS,43.73,55.0
USG03538,CUST0197,2026-05-01,Data,956.54,2.73
USG03539,CUST0197,2026-05-01,Voice,604.49,75.3
USG03540,CUST0197,2026-05-01,SMS,118.73,14.0
USG03541,CUST0197,2026-06-01,Data,460.08,1.31
USG03542,CUST0197,2026-06-01,Voice,203.69,287.2
USG03543,CUST0197,2026-06-01,SMS,45.61,58.0
USG03544,CUST0197,2026-07-01,Data,576.61,1.65
USG03545,CUST0197,2026-07-01,Voice,263.57,162.5
USG03546,CUST0197,2026-07-01,SMS,103.68,76.0
USG03547,CUST0198,2026-02-01,Data,4856.17,13.87
USG03548,CUST0198,2026-02-01,Voice,1646.6,188.6
USG03549,CUST0198,2026-02-01,SMS,173.22,32.0
USG03550,CUST0198,2026-03-01,Data,4866.13,13.9
USG03551,CUST0198,2026-03-01,Voice,1331.19,182.1
USG03552,CUST0198,2026-03-01,SMS,104.96,9.0
USG03553,CUST0198,2026-04-01,Data,4857.73,13.88
USG03554,CUST0198,2026-04-01,Voice,815.02,143.9
USG03555,CUST0198,2026-04-01,SMS,69.08,68.0
USG03556,CUST0198,2026-05-01,Data,802.13,2.29
USG03557,CUST0198,2026-05-01,Voice,1743.67,59.3
USG03558,CUST0198,2026-05-01,SMS,305.29,60.0
USG03559,CUST0198,2026-06-01,Data,1407.84,4.02
USG03560,CUST0198,2026-06-01,Voice,1264.99,107.5
USG03561,CUST0198,2026-06-01,SMS,88.54,69.0
USG03562,CUST0198,2026-07-01,Data,2463.57,7.04
USG03563,CUST0198,2026-07-01,Voice,966.4,67.6
USG03564,CUST0198,2026-07-01,SMS,151.22,70.0
USG03565,CUST0199,2026-02-01,Data,1344.13,3.84
USG03566,CUST0199,2026-02-01,Voice,1149.18,285.0
USG03567,CUST0199,2026-02-01,SMS,46.08,18.0
USG03568,CUST0199,2026-03-01,Data,2642.95,7.55
USG03569,CUST0199,2026-03-01,Voice,562.4,21.2
USG03570,CUST0199,2026-03-01,SMS,69.3,50.0
USG03571,CUST0199,2026-04-01,Data,2478.09,7.08
USG03572,CUST0199,2026-04-01,Voice,290.06,51.0
USG03573,CUST0199,2026-04-01,SMS,185.98,61.0
USG03574,CUST0199,2026-05-01,Data,1933.43,5.52
USG03575,CUST0199,2026-05-01,Voice,957.65,140.1
USG03576,CUST0199,2026-05-01,SMS,156.52,33.0
USG03577,CUST0199,2026-06-01,Data,1034.65,2.96
USG03578,CUST0199,2026-06-01,Voice,915.46,137.5
USG03579,CUST0199,2026-06-01,SMS,196.65,31.0
USG03580,CUST0199,2026-07-01,Data,2796.49,7.99
USG03581,CUST0199,2026-07-01,Voice,1129.61,87.7
USG03582,CUST0199,2026-07-01,SMS,163.68,37.0
USG03583,CUST0200,2026-02-01,Data,2785.56,7.96
USG03584,CUST0200,2026-02-01,Voice,622.63,228.4
USG03585,CUST0200,2026-02-01,SMS,104.05,22.0
USG03586,CUST0200,2026-03-01,Data,918.31,2.62
USG03587,CUST0200,2026-03-01,Voice,596.7,231.5
USG03588,CUST0200,2026-03-01,SMS,128.91,57.0
USG03589,CUST0200,2026-04-01,Data,1134.05,3.24
USG03590,CUST0200,2026-04-01,Voice,655.51,32.4
USG03591,CUST0200,2026-04-01,SMS,167.16,79.0
USG03592,CUST0200,2026-05-01,Data,1457.89,4.17
USG03593,CUST0200,2026-05-01,Voice,161.51,67.5
USG03594,CUST0200,2026-05-01,SMS,137.45,51.0
USG03595,CUST0200,2026-06-01,Data,2448.45,7.0
USG03596,CUST0200,2026-06-01,Voice,416.58,233.8
USG03597,CUST0200,2026-06-01,SMS,143.84,29.0
USG03598,CUST0200,2026-07-01,Data,1818.27,5.2
USG03599,CUST0200,2026-07-01,Voice,304.64,146.7
USG03600,CUST0200,2026-07-01,SMS,178.62,37.0
USG03601,CUST0201,2026-02-01,Data,4390.88,12.55
USG03602,CUST0201,2026-02-01,Voice,1308.6,73.7
USG03603,CUST0201,2026-02-01,SMS,211.82,43.0
USG03604,CUST0201,2026-03-01,Data,2441.99,6.98
USG03605,CUST0201,2026-03-01,Voice,468.54,136.7
USG03606,CUST0201,2026-03-01,SMS,56.27,12.0
USG03607,CUST0201,2026-04-01,Data,2518.35,7.2
USG03608,CUST0201,2026-04-01,Voice,800.11,279.2
USG03609,CUST0201,2026-04-01,SMS,148.97,62.0
USG03610,CUST0201,2026-05-01,Data,3023.69,8.64
USG03611,CUST0201,2026-05-01,Voice,1511.79,92.8
USG03612,CUST0201,2026-05-01,SMS,322.22,45.0
USG03613,CUST0201,2026-06-01,Data,4354.45,12.44
USG03614,CUST0201,2026-06-01,Voice,906.61,48.1
USG03615,CUST0201,2026-06-01,SMS,240.16,6.0
USG03616,CUST0201,2026-07-01,Data,2780.79,7.95
USG03617,CUST0201,2026-07-01,Voice,599.15,195.7
USG03618,CUST0201,2026-07-01,SMS,333.7,40.0
USG03619,CUST0202,2026-02-01,Data,2525.5,7.22
USG03620,CUST0202,2026-02-01,Voice,683.17,158.8
USG03621,CUST0202,2026-02-01,SMS,187.48,72.0
USG03622,CUST0202,2026-03-01,Data,2443.08,6.98
USG03623,CUST0202,2026-03-01,Voice,461.07,172.6
USG03624,CUST0202,2026-03-01,SMS,60.3,38.0
USG03625,CUST0202,2026-04-01,Data,1658.95,4.74
USG03626,CUST0202,2026-04-01,Voice,1023.22,270.9
USG03627,CUST0202,2026-04-01,SMS,94.63,6.0
USG03628,CUST0202,2026-05-01,Data,2640.61,7.54
USG03629,CUST0202,2026-05-01,Voice,332.99,194.1
USG03630,CUST0202,2026-05-01,SMS,24.49,35.0
USG03631,CUST0202,2026-06-01,Data,2963.5,8.47
USG03632,CUST0202,2026-06-01,Voice,255.73,138.6
USG03633,CUST0202,2026-06-01,SMS,75.29,73.0
USG03634,CUST0202,2026-07-01,Data,2660.28,7.6
USG03635,CUST0202,2026-07-01,Voice,399.58,42.7
USG03636,CUST0202,2026-07-01,SMS,132.88,30.0
USG03637,CUST0203,2026-02-01,Data,3650.61,10.43
USG03638,CUST0203,2026-02-01,Voice,312.33,57.4
USG03639,CUST0203,2026-02-01,SMS,244.03,21.0
USG03640,CUST0203,2026-03-01,Data,4470.54,12.77
USG03641,CUST0203,2026-03-01,Voice,359.58,80.3
USG03642,CUST0203,2026-03-01,SMS,339.56,37.0
USG03643,CUST0203,2026-04-01,Data,3787.11,10.82
USG03644,CUST0203,2026-04-01,Voice,581.05,190.8
USG03645,CUST0203,2026-04-01,SMS,256.19,29.0
USG03646,CUST0203,2026-05-01,Data,4343.73,12.41
USG03647,CUST0203,2026-05-01,Voice,1332.1,129.0
USG03648,CUST0203,2026-05-01,SMS,204.64,48.0
USG03649,CUST0203,2026-06-01,Data,1411.67,4.03
USG03650,CUST0203,2026-06-01,Voice,973.88,116.2
USG03651,CUST0203,2026-06-01,SMS,156.68,62.0
USG03652,CUST0203,2026-07-01,Data,2812.82,8.04
USG03653,CUST0203,2026-07-01,Voice,1933.46,102.2
USG03654,CUST0203,2026-07-01,SMS,161.21,64.0
USG03655,CUST0204,2026-02-01,Data,1819.66,5.2
USG03656,CUST0204,2026-02-01,Voice,724.38,34.9
USG03657,CUST0204,2026-02-01,SMS,91.75,25.0
USG03658,CUST0204,2026-03-01,Data,2998.27,8.57
USG03659,CUST0204,2026-03-01,Voice,473.77,267.7
USG03660,CUST0204,2026-03-01,SMS,141.72,31.0
USG03661,CUST0204,2026-04-01,Data,1813.19,5.18
USG03662,CUST0204,2026-04-01,Voice,1032.56,267.3
USG03663,CUST0204,2026-04-01,SMS,48.87,30.0
USG03664,CUST0204,2026-05-01,Data,1271.58,3.63
USG03665,CUST0204,2026-05-01,Voice,194.15,187.5
USG03666,CUST0204,2026-05-01,SMS,173.87,34.0
USG03667,CUST0204,2026-06-01,Data,2324.09,6.64
USG03668,CUST0204,2026-06-01,Voice,809.09,125.2
USG03669,CUST0204,2026-06-01,SMS,45.39,58.0
USG03670,CUST0204,2026-07-01,Data,2621.87,7.49
USG03671,CUST0204,2026-07-01,Voice,870.15,25.0
USG03672,CUST0204,2026-07-01,SMS,58.92,10.0
USG03673,CUST0205,2026-02-01,Data,1883.0,5.38
USG03674,CUST0205,2026-02-01,Voice,944.3,51.0
USG03675,CUST0205,2026-02-01,SMS,170.9,47.0
USG03676,CUST0205,2026-03-01,Data,2193.92,6.27
USG03677,CUST0205,2026-03-01,Voice,1169.97,43.4
USG03678,CUST0205,2026-03-01,SMS,182.22,14.0
USG03679,CUST0205,2026-04-01,Data,1421.69,4.06
USG03680,CUST0205,2026-04-01,Voice,1044.01,273.8
USG03681,CUST0205,2026-04-01,SMS,111.15,50.0
USG03682,CUST0205,2026-05-01,Data,2241.18,6.4
USG03683,CUST0205,2026-05-01,Voice,1024.4,54.0
USG03684,CUST0205,2026-05-01,SMS,165.81,41.0
USG03685,CUST0205,2026-06-01,Data,1571.62,4.49
USG03686,CUST0205,2026-06-01,Voice,595.09,162.6
USG03687,CUST0205,2026-06-01,SMS,190.11,46.0
USG03688,CUST0205,2026-07-01,Data,2878.26,8.22
USG03689,CUST0205,2026-07-01,Voice,339.3,222.8
USG03690,CUST0205,2026-07-01,SMS,166.2,56.0
USG03691,CUST0206,2026-02-01,Data,3362.6,9.61
USG03692,CUST0206,2026-02-01,Voice,1263.19,261.1
USG03693,CUST0206,2026-02-01,SMS,285.42,14.0
USG03694,CUST0206,2026-03-01,Data,4430.76,12.66
USG03695,CUST0206,2026-03-01,Voice,994.11,91.0
USG03696,CUST0206,2026-03-01,SMS,300.15,37.0
USG03697,CUST0206,2026-04-01,Data,4252.97,12.15
USG03698,CUST0206,2026-04-01,Voice,725.18,21.1
USG03699,CUST0206,2026-04-01,SMS,185.61,13.0
USG03700,CUST0206,2026-05-01,Data,4014.34,11.47
USG03701,CUST0206,2026-05-01,Voice,747.79,144.2
USG03702,CUST0206,2026-05-01,SMS,60.63,26.0
USG03703,CUST0206,2026-06-01,Data,4134.19,11.81
USG03704,CUST0206,2026-06-01,Voice,525.58,201.2
USG03705,CUST0206,2026-06-01,SMS,314.73,56.0
USG03706,CUST0206,2026-07-01,Data,4264.72,12.18
USG03707,CUST0206,2026-07-01,Voice,449.51,90.2
USG03708,CUST0206,2026-07-01,SMS,307.73,59.0
USG03709,CUST0207,2026-02-01,Data,2062.84,5.89
USG03710,CUST0207,2026-02-01,Voice,846.96,136.0
USG03711,CUST0207,2026-02-01,SMS,28.02,64.0
USG03712,CUST0207,2026-03-01,Data,2164.65,6.18
USG03713,CUST0207,2026-03-01,Voice,646.44,271.9
USG03714,CUST0207,2026-03-01,SMS,80.51,27.0
USG03715,CUST0207,2026-04-01,Data,2669.27,7.63
USG03716,CUST0207,2026-04-01,Voice,986.84,164.2
USG03717,CUST0207,2026-04-01,SMS,43.53,21.0
USG03718,CUST0207,2026-05-01,Data,2106.19,6.02
USG03719,CUST0207,2026-05-01,Voice,554.29,254.2
USG03720,CUST0207,2026-05-01,SMS,190.99,65.0
USG03721,CUST0207,2026-06-01,Data,1381.62,3.95
USG03722,CUST0207,2026-06-01,Voice,978.12,118.4
USG03723,CUST0207,2026-06-01,SMS,50.08,8.0
USG03724,CUST0207,2026-07-01,Data,1402.86,4.01
USG03725,CUST0207,2026-07-01,Voice,1098.74,86.9
USG03726,CUST0207,2026-07-01,SMS,57.17,78.0
USG03727,CUST0208,2026-02-01,Data,465.01,1.33
USG03728,CUST0208,2026-02-01,Voice,975.07,110.0
USG03729,CUST0208,2026-02-01,SMS,26.75,74.0
USG03730,CUST0208,2026-03-01,Data,763.07,2.18
USG03731,CUST0208,2026-03-01,Voice,729.37,96.7
USG03732,CUST0208,2026-03-01,SMS,31.73,9.0
USG03733,CUST0208,2026-04-01,Data,700.45,2.0
USG03734,CUST0208,2026-04-01,Voice,224.94,233.0
USG03735,CUST0208,2026-04-01,SMS,107.4,31.0
USG03736,CUST0208,2026-05-01,Data,1487.76,4.25
USG03737,CUST0208,2026-05-01,Voice,1125.39,275.0
USG03738,CUST0208,2026-05-01,SMS,148.82,71.0
USG03739,CUST0208,2026-06-01,Data,1231.08,3.52
USG03740,CUST0208,2026-06-01,Voice,550.16,191.8
USG03741,CUST0208,2026-06-01,SMS,132.25,41.0
USG03742,CUST0208,2026-07-01,Data,1441.71,4.12
USG03743,CUST0208,2026-07-01,Voice,1185.49,249.9
USG03744,CUST0208,2026-07-01,SMS,98.3,60.0
USG03745,CUST0209,2026-02-01,Data,1100.86,3.15
USG03746,CUST0209,2026-02-01,Voice,255.18,118.7
USG03747,CUST0209,2026-02-01,SMS,92.54,6.0
USG03748,CUST0209,2026-03-01,Data,2518.46,7.2
USG03749,CUST0209,2026-03-01,Voice,527.15,182.5
USG03750,CUST0209,2026-03-01,SMS,33.31,18.0
USG03751,CUST0209,2026-04-01,Data,2713.2,7.75
USG03752,CUST0209,2026-04-01,Voice,789.12,286.1
USG03753,CUST0209,2026-04-01,SMS,199.78,33.0
USG03754,CUST0209,2026-05-01,Data,1176.89,3.36
USG03755,CUST0209,2026-05-01,Voice,1051.27,299.6
USG03756,CUST0209,2026-05-01,SMS,133.34,65.0
USG03757,CUST0209,2026-06-01,Data,2432.54,6.95
USG03758,CUST0209,2026-06-01,Voice,523.11,180.8
USG03759,CUST0209,2026-06-01,SMS,169.95,57.0
USG03760,CUST0209,2026-07-01,Data,455.03,1.3
USG03761,CUST0209,2026-07-01,Voice,503.54,60.5
USG03762,CUST0209,2026-07-01,SMS,61.93,73.0
USG03763,CUST0210,2026-02-01,Data,495.92,1.42
USG03764,CUST0210,2026-02-01,Voice,380.79,106.7
USG03765,CUST0210,2026-02-01,SMS,131.04,45.0
USG03766,CUST0210,2026-03-01,Data,967.5,2.76
USG03767,CUST0210,2026-03-01,Voice,322.45,86.3
USG03768,CUST0210,2026-03-01,SMS,110.46,25.0
USG03769,CUST0210,2026-04-01,Data,2863.77,8.18
USG03770,CUST0210,2026-04-01,Voice,637.06,36.5
USG03771,CUST0210,2026-04-01,SMS,151.27,30.0
USG03772,CUST0210,2026-05-01,Data,2099.07,6.0
USG03773,CUST0210,2026-05-01,Voice,443.57,179.8
USG03774,CUST0210,2026-05-01,SMS,158.99,75.0
USG03775,CUST0210,2026-06-01,Data,1078.93,3.08
USG03776,CUST0210,2026-06-01,Voice,501.6,150.0
USG03777,CUST0210,2026-06-01,SMS,186.89,73.0
USG03778,CUST0210,2026-07-01,Data,633.68,1.81
USG03779,CUST0210,2026-07-01,Voice,288.53,158.7
USG03780,CUST0210,2026-07-01,SMS,39.19,31.0
USG03781,CUST0211,2026-02-01,Data,785.8,2.25
USG03782,CUST0211,2026-02-01,Voice,817.84,285.9
USG03783,CUST0211,2026-02-01,SMS,199.41,33.0
USG03784,CUST0211,2026-03-01,Data,1957.43,5.59
USG03785,CUST0211,2026-03-01,Voice,1049.08,52.9
USG03786,CUST0211,2026-03-01,SMS,144.12,36.0
USG03787,CUST0211,2026-04-01,Data,935.98,2.67
USG03788,CUST0211,2026-04-01,Voice,572.89,41.3
USG03789,CUST0211,2026-04-01,SMS,145.17,24.0
USG03790,CUST0211,2026-05-01,Data,1209.65,3.46
USG03791,CUST0211,2026-05-01,Voice,277.14,262.1
USG03792,CUST0211,2026-05-01,SMS,108.82,48.0
USG03793,CUST0211,2026-06-01,Data,1880.52,5.37
USG03794,CUST0211,2026-06-01,Voice,581.02,73.9
USG03795,CUST0211,2026-06-01,SMS,154.12,15.0
USG03796,CUST0211,2026-07-01,Data,670.07,1.91
USG03797,CUST0211,2026-07-01,Voice,895.65,78.5
USG03798,CUST0211,2026-07-01,SMS,75.22,41.0
USG03799,CUST0212,2026-02-01,Data,1568.31,4.48
USG03800,CUST0212,2026-02-01,Voice,894.01,194.6
USG03801,CUST0212,2026-02-01,SMS,135.99,59.0
USG03802,CUST0212,2026-03-01,Data,1160.79,3.32
USG03803,CUST0212,2026-03-01,Voice,488.45,142.6
USG03804,CUST0212,2026-03-01,SMS,75.34,79.0
USG03805,CUST0212,2026-04-01,Data,2516.54,7.19
USG03806,CUST0212,2026-04-01,Voice,322.89,21.6
USG03807,CUST0212,2026-04-01,SMS,27.7,23.0
USG03808,CUST0212,2026-05-01,Data,697.16,1.99
USG03809,CUST0212,2026-05-01,Voice,710.01,260.2
USG03810,CUST0212,2026-05-01,SMS,152.62,21.0
USG03811,CUST0212,2026-06-01,Data,1438.18,4.11
USG03812,CUST0212,2026-06-01,Voice,683.29,246.9
USG03813,CUST0212,2026-06-01,SMS,171.04,73.0
USG03814,CUST0212,2026-07-01,Data,1724.04,4.93
USG03815,CUST0212,2026-07-01,Voice,878.99,51.3
USG03816,CUST0212,2026-07-01,SMS,121.75,24.0
USG03817,CUST0213,2026-02-01,Data,1522.46,4.35
USG03818,CUST0213,2026-02-01,Voice,815.75,92.0
USG03819,CUST0213,2026-02-01,SMS,29.39,6.0
USG03820,CUST0213,2026-03-01,Data,457.61,1.31
USG03821,CUST0213,2026-03-01,Voice,158.77,50.9
USG03822,CUST0213,2026-03-01,SMS,63.11,22.0
USG03823,CUST0213,2026-04-01,Data,2965.67,8.47
USG03824,CUST0213,2026-04-01,Voice,471.31,55.7
USG03825,CUST0213,2026-04-01,SMS,118.2,69.0
USG03826,CUST0213,2026-05-01,Data,2162.96,6.18
USG03827,CUST0213,2026-05-01,Voice,460.89,177.3
USG03828,CUST0213,2026-05-01,SMS,148.67,60.0
USG03829,CUST0213,2026-06-01,Data,2133.0,6.09
USG03830,CUST0213,2026-06-01,Voice,1064.35,263.6
USG03831,CUST0213,2026-06-01,SMS,124.21,37.0
USG03832,CUST0213,2026-07-01,Data,2068.08,5.91
USG03833,CUST0213,2026-07-01,Voice,1009.12,21.6
USG03834,CUST0213,2026-07-01,SMS,198.56,19.0
USG03835,CUST0214,2026-02-01,Data,2758.5,7.88
USG03836,CUST0214,2026-02-01,Voice,1811.57,83.0
USG03837,CUST0214,2026-02-01,SMS,179.9,15.0
USG03838,CUST0214,2026-03-01,Data,2426.24,6.93
USG03839,CUST0214,2026-03-01,Voice,571.19,121.8
USG03840,CUST0214,2026-03-01,SMS,148.28,79.0
USG03841,CUST0214,2026-04-01,Data,5077.07,14.51
USG03842,CUST0214,2026-04-01,Voice,459.89,223.3
USG03843,CUST0214,2026-04-01,SMS,49.83,7.0
USG03844,CUST0214,2026-05-01,Data,1145.58,3.27
USG03845,CUST0214,2026-05-01,Voice,1978.39,283.4
USG03846,CUST0214,2026-05-01,SMS,93.34,17.0
USG03847,CUST0214,2026-06-01,Data,1743.17,4.98
USG03848,CUST0214,2026-06-01,Voice,1175.25,179.5
USG03849,CUST0214,2026-06-01,SMS,101.81,62.0
USG03850,CUST0214,2026-07-01,Data,2048.23,5.85
USG03851,CUST0214,2026-07-01,Voice,1901.0,203.9
USG03852,CUST0214,2026-07-01,SMS,167.52,64.0
USG03853,CUST0215,2026-02-01,Data,2526.58,7.22
USG03854,CUST0215,2026-02-01,Voice,455.01,115.1
USG03855,CUST0215,2026-02-01,SMS,188.47,17.0
USG03856,CUST0215,2026-03-01,Data,509.59,1.46
USG03857,CUST0215,2026-03-01,Voice,626.76,244.3
USG03858,CUST0215,2026-03-01,SMS,158.9,74.0
USG03859,CUST0215,2026-04-01,Data,1786.32,5.1
USG03860,CUST0215,2026-04-01,Voice,255.07,184.8
USG03861,CUST0215,2026-04-01,SMS,160.11,12.0
USG03862,CUST0215,2026-05-01,Data,848.91,2.43
USG03863,CUST0215,2026-05-01,Voice,162.91,186.2
USG03864,CUST0215,2026-05-01,SMS,179.61,55.0
USG03865,CUST0215,2026-06-01,Data,2953.3,8.44
USG03866,CUST0215,2026-06-01,Voice,216.19,272.8
USG03867,CUST0215,2026-06-01,SMS,166.53,29.0
USG03868,CUST0215,2026-07-01,Data,2931.17,8.37
USG03869,CUST0215,2026-07-01,Voice,452.33,269.0
USG03870,CUST0215,2026-07-01,SMS,178.53,62.0
USG03871,CUST0216,2026-02-01,Data,1865.02,5.33
USG03872,CUST0216,2026-02-01,Voice,276.0,169.0
USG03873,CUST0216,2026-02-01,SMS,84.22,64.0
USG03874,CUST0216,2026-03-01,Data,2371.14,6.77
USG03875,CUST0216,2026-03-01,Voice,1106.14,24.2
USG03876,CUST0216,2026-03-01,SMS,165.64,75.0
USG03877,CUST0216,2026-04-01,Data,2452.18,7.01
USG03878,CUST0216,2026-04-01,Voice,286.7,42.8
USG03879,CUST0216,2026-04-01,SMS,23.75,52.0
USG03880,CUST0216,2026-05-01,Data,2037.15,5.82
USG03881,CUST0216,2026-05-01,Voice,1186.26,131.5
USG03882,CUST0216,2026-05-01,SMS,79.74,52.0
USG03883,CUST0216,2026-06-01,Data,2546.58,7.28
USG03884,CUST0216,2026-06-01,Voice,1133.61,244.9
USG03885,CUST0216,2026-06-01,SMS,96.8,53.0
USG03886,CUST0216,2026-07-01,Data,2626.38,7.5
USG03887,CUST0216,2026-07-01,Voice,665.14,80.7
USG03888,CUST0216,2026-07-01,SMS,50.55,5.0
USG03889,CUST0217,2026-02-01,Data,2267.42,6.48
USG03890,CUST0217,2026-02-01,Voice,266.65,88.3
USG03891,CUST0217,2026-02-01,SMS,73.62,47.0
USG03892,CUST0217,2026-03-01,Data,1434.69,4.1
USG03893,CUST0217,2026-03-01,Voice,858.41,35.6
USG03894,CUST0217,2026-03-01,SMS,42.31,42.0
USG03895,CUST0217,2026-04-01,Data,1276.11,3.65
USG03896,CUST0217,2026-04-01,Voice,460.6,38.8
USG03897,CUST0217,2026-04-01,SMS,181.23,57.0
USG03898,CUST0217,2026-05-01,Data,716.21,2.05
USG03899,CUST0217,2026-05-01,Voice,218.3,293.0
USG03900,CUST0217,2026-05-01,SMS,142.61,36.0
USG03901,CUST0217,2026-06-01,Data,2224.5,6.36
USG03902,CUST0217,2026-06-01,Voice,944.15,238.4
USG03903,CUST0217,2026-06-01,SMS,106.02,37.0
USG03904,CUST0217,2026-07-01,Data,428.67,1.22
USG03905,CUST0217,2026-07-01,Voice,1122.88,188.9
USG03906,CUST0217,2026-07-01,SMS,56.57,74.0
USG03907,CUST0218,2026-02-01,Data,2778.82,7.94
USG03908,CUST0218,2026-02-01,Voice,1188.64,264.7
USG03909,CUST0218,2026-02-01,SMS,199.6,23.0
USG03910,CUST0218,2026-03-01,Data,2589.85,7.4
USG03911,CUST0218,2026-03-01,Voice,1014.18,84.7
USG03912,CUST0218,2026-03-01,SMS,37.72,78.0
USG03913,CUST0218,2026-04-01,Data,1169.66,3.34
USG03914,CUST0218,2026-04-01,Voice,1064.44,21.2
USG03915,CUST0218,2026-04-01,SMS,23.78,40.0
USG03916,CUST0218,2026-05-01,Data,1020.66,2.92
USG03917,CUST0218,2026-05-01,Voice,874.33,178.4
USG03918,CUST0218,2026-05-01,SMS,33.95,17.0
USG03919,CUST0218,2026-06-01,Data,1408.93,4.03
USG03920,CUST0218,2026-06-01,Voice,344.88,241.8
USG03921,CUST0218,2026-06-01,SMS,94.89,12.0
USG03922,CUST0218,2026-07-01,Data,1659.29,4.74
USG03923,CUST0218,2026-07-01,Voice,245.38,56.1
USG03924,CUST0218,2026-07-01,SMS,63.13,69.0
USG03925,CUST0219,2026-02-01,Data,2803.99,8.01
USG03926,CUST0219,2026-02-01,Voice,1017.57,113.5
USG03927,CUST0219,2026-02-01,SMS,69.04,46.0
USG03928,CUST0219,2026-03-01,Data,2276.82,6.51
USG03929,CUST0219,2026-03-01,Voice,1193.04,56.8
USG03930,CUST0219,2026-03-01,SMS,28.87,57.0
USG03931,CUST0219,2026-04-01,Data,2563.79,7.33
USG03932,CUST0219,2026-04-01,Voice,1038.67,210.0
USG03933,CUST0219,2026-04-01,SMS,191.72,43.0
USG03934,CUST0219,2026-05-01,Data,2775.92,7.93
USG03935,CUST0219,2026-05-01,Voice,1166.2,257.2
USG03936,CUST0219,2026-05-01,SMS,75.76,20.0
USG03937,CUST0219,2026-06-01,Data,1825.11,5.21
USG03938,CUST0219,2026-06-01,Voice,625.67,265.8
USG03939,CUST0219,2026-06-01,SMS,38.01,24.0
USG03940,CUST0219,2026-07-01,Data,2354.68,6.73
USG03941,CUST0219,2026-07-01,Voice,249.74,109.8
USG03942,CUST0219,2026-07-01,SMS,89.69,52.0
USG03943,CUST0220,2026-02-01,Data,811.14,2.32
USG03944,CUST0220,2026-02-01,Voice,1053.63,145.3
USG03945,CUST0220,2026-02-01,SMS,185.06,40.0
USG03946,CUST0220,2026-03-01,Data,1115.1,3.19
USG03947,CUST0220,2026-03-01,Voice,298.92,21.0
USG03948,CUST0220,2026-03-01,SMS,115.79,13.0
USG03949,CUST0220,2026-04-01,Data,1418.49,4.05
USG03950,CUST0220,2026-04-01,Voice,768.74,97.2
USG03951,CUST0220,2026-04-01,SMS,51.54,63.0
USG03952,CUST0220,2026-05-01,Data,2861.66,8.18
USG03953,CUST0220,2026-05-01,Voice,255.46,63.6
USG03954,CUST0220,2026-05-01,SMS,192.8,8.0
USG03955,CUST0220,2026-06-01,Data,2941.84,8.41
USG03956,CUST0220,2026-06-01,Voice,154.88,264.6
USG03957,CUST0220,2026-06-01,SMS,75.32,75.0
USG03958,CUST0220,2026-07-01,Data,1224.06,3.5
USG03959,CUST0220,2026-07-01,Voice,837.02,42.4
USG03960,CUST0220,2026-07-01,SMS,63.62,63.0
USG03961,CUST0221,2026-02-01,Data,3016.79,8.62
USG03962,CUST0221,2026-02-01,Voice,1911.42,140.1
USG03963,CUST0221,2026-02-01,SMS,300.16,39.0
USG03964,CUST0221,2026-03-01,Data,5008.28,14.31
USG03965,CUST0221,2026-03-01,Voice,1968.3,112.2
USG03966,CUST0221,2026-03-01,SMS,305.09,69.0
USG03967,CUST0221,2026-04-01,Data,1611.21,4.6
USG03968,CUST0221,2026-04-01,Voice,1369.36,40.4
USG03969,CUST0221,2026-04-01,SMS,290.03,18.0
USG03970,CUST0221,2026-05-01,Data,993.0,2.84
USG03971,CUST0221,2026-05-01,Voice,969.39,181.5
USG03972,CUST0221,2026-05-01,SMS,295.6,78.0
USG03973,CUST0221,2026-06-01,Data,2622.56,7.49
USG03974,CUST0221,2026-06-01,Voice,362.9,229.8
USG03975,CUST0221,2026-06-01,SMS,206.94,39.0
USG03976,CUST0221,2026-07-01,Data,2046.97,5.85
USG03977,CUST0221,2026-07-01,Voice,1151.78,114.8
USG03978,CUST0221,2026-07-01,SMS,265.65,46.0
USG03979,CUST0222,2026-02-01,Data,2679.8,7.66
USG03980,CUST0222,2026-02-01,Voice,720.72,86.7
USG03981,CUST0222,2026-02-01,SMS,173.2,47.0
USG03982,CUST0222,2026-03-01,Data,937.79,2.68
USG03983,CUST0222,2026-03-01,Voice,804.68,120.2
USG03984,CUST0222,2026-03-01,SMS,171.99,39.0
USG03985,CUST0222,2026-04-01,Data,2288.75,6.54
USG03986,CUST0222,2026-04-01,Voice,250.31,130.9
USG03987,CUST0222,2026-04-01,SMS,196.98,66.0
USG03988,CUST0222,2026-05-01,Data,815.85,2.33
USG03989,CUST0222,2026-05-01,Voice,441.65,112.3
USG03990,CUST0222,2026-05-01,SMS,137.07,62.0
USG03991,CUST0222,2026-06-01,Data,2348.77,6.71
USG03992,CUST0222,2026-06-01,Voice,685.37,247.0
USG03993,CUST0222,2026-06-01,SMS,98.67,14.0
USG03994,CUST0222,2026-07-01,Data,1867.55,5.34
USG03995,CUST0222,2026-07-01,Voice,1149.92,242.0
USG03996,CUST0222,2026-07-01,SMS,124.17,54.0
USG03997,CUST0223,2026-02-01,Data,4793.08,13.69
USG03998,CUST0223,2026-02-01,Voice,1019.59,112.8
USG03999,CUST0223,2026-02-01,SMS,333.04,70.0
USG04000,CUST0223,2026-03-01,Data,2107.85,6.02
USG04001,CUST0223,2026-03-01,Voice,1082.85,136.2
USG04002,CUST0223,2026-03-01,SMS,79.62,77.0
USG04003,CUST0223,2026-04-01,Data,2467.06,7.05
USG04004,CUST0223,2026-04-01,Voice,1817.46,73.0
USG04005,CUST0223,2026-04-01,SMS,201.65,7.0
USG04006,CUST0223,2026-05-01,Data,4057.85,11.59
USG04007,CUST0223,2026-05-01,Voice,1291.93,195.2
USG04008,CUST0223,2026-05-01,SMS,49.83,21.0
USG04009,CUST0223,2026-06-01,Data,1008.54,2.88
USG04010,CUST0223,2026-06-01,Voice,770.71,195.7
USG04011,CUST0223,2026-06-01,SMS,207.25,51.0
USG04012,CUST0223,2026-07-01,Data,3107.69,8.88
USG04013,CUST0223,2026-07-01,Voice,742.36,88.5
USG04014,CUST0223,2026-07-01,SMS,75.94,69.0
USG04015,CUST0224,2026-02-01,Data,2002.85,5.72
USG04016,CUST0224,2026-02-01,Voice,345.84,69.6
USG04017,CUST0224,2026-02-01,SMS,177.15,61.0
USG04018,CUST0224,2026-03-01,Data,2114.44,6.04
USG04019,CUST0224,2026-03-01,Voice,577.21,93.4
USG04020,CUST0224,2026-03-01,SMS,196.3,65.0
USG04021,CUST0224,2026-04-01,Data,1184.63,3.38
USG04022,CUST0224,2026-04-01,Voice,1039.94,232.5
USG04023,CUST0224,2026-04-01,SMS,73.47,37.0
USG04024,CUST0224,2026-05-01,Data,883.48,2.52
USG04025,CUST0224,2026-05-01,Voice,266.61,222.4
USG04026,CUST0224,2026-05-01,SMS,68.15,67.0
USG04027,CUST0224,2026-06-01,Data,2988.58,8.54
USG04028,CUST0224,2026-06-01,Voice,230.45,152.4
USG04029,CUST0224,2026-06-01,SMS,164.37,64.0
USG04030,CUST0224,2026-07-01,Data,2375.99,6.79
USG04031,CUST0224,2026-07-01,Voice,516.44,147.1
USG04032,CUST0224,2026-07-01,SMS,127.09,78.0
USG04033,CUST0225,2026-02-01,Data,1251.62,3.58
USG04034,CUST0225,2026-02-01,Voice,1119.3,95.4
USG04035,CUST0225,2026-02-01,SMS,198.03,55.0
USG04036,CUST0225,2026-03-01,Data,1605.13,4.59
USG04037,CUST0225,2026-03-01,Voice,794.06,96.3
USG04038,CUST0225,2026-03-01,SMS,69.35,14.0
USG04039,CUST0225,2026-04-01,Data,696.53,1.99
USG04040,CUST0225,2026-04-01,Voice,515.06,233.6
USG04041,CUST0225,2026-04-01,SMS,129.43,13.0
USG04042,CUST0225,2026-05-01,Data,2615.81,7.47
USG04043,CUST0225,2026-05-01,Voice,781.44,289.0
USG04044,CUST0225,2026-05-01,SMS,140.63,18.0
USG04045,CUST0225,2026-06-01,Data,1631.84,4.66
USG04046,CUST0225,2026-06-01,Voice,830.92,27.9
USG04047,CUST0225,2026-06-01,SMS,22.68,15.0
USG04048,CUST0225,2026-07-01,Data,1054.33,3.01
USG04049,CUST0225,2026-07-01,Voice,601.03,156.5
USG04050,CUST0225,2026-07-01,SMS,44.84,56.0
USG04051,CUST0226,2026-02-01,Data,1949.96,5.57
USG04052,CUST0226,2026-02-01,Voice,459.19,23.8
USG04053,CUST0226,2026-02-01,SMS,33.98,34.0
USG04054,CUST0226,2026-03-01,Data,800.33,2.29
USG04055,CUST0226,2026-03-01,Voice,545.66,195.9
USG04056,CUST0226,2026-03-01,SMS,118.5,22.0
USG04057,CUST0226,2026-04-01,Data,1293.94,3.7
USG04058,CUST0226,2026-04-01,Voice,794.73,261.0
USG04059,CUST0226,2026-04-01,SMS,155.58,47.0
USG04060,CUST0226,2026-05-01,Data,1341.96,3.83
USG04061,CUST0226,2026-05-01,Voice,533.3,266.2
USG04062,CUST0226,2026-05-01,SMS,27.06,79.0
USG04063,CUST0226,2026-06-01,Data,2127.38,6.08
USG04064,CUST0226,2026-06-01,Voice,865.19,30.6
USG04065,CUST0226,2026-06-01,SMS,129.0,41.0
USG04066,CUST0226,2026-07-01,Data,675.03,1.93
USG04067,CUST0226,2026-07-01,Voice,441.82,269.3
USG04068,CUST0226,2026-07-01,SMS,119.0,36.0
USG04069,CUST0227,2026-02-01,Data,1001.26,2.86
USG04070,CUST0227,2026-02-01,Voice,1529.71,216.8
USG04071,CUST0227,2026-02-01,SMS,221.9,43.0
USG04072,CUST0227,2026-03-01,Data,2597.33,7.42
USG04073,CUST0227,2026-03-01,Voice,1313.99,85.4
USG04074,CUST0227,2026-03-01,SMS,322.03,49.0
USG04075,CUST0227,2026-04-01,Data,2055.47,5.87
USG04076,CUST0227,2026-04-01,Voice,1057.68,245.6
USG04077,CUST0227,2026-04-01,SMS,83.45,27.0
USG04078,CUST0227,2026-05-01,Data,3683.43,10.52
USG04079,CUST0227,2026-05-01,Voice,818.15,241.9
USG04080,CUST0227,2026-05-01,SMS,73.92,62.0
USG04081,CUST0227,2026-06-01,Data,982.11,2.81
USG04082,CUST0227,2026-06-01,Voice,277.48,271.5
USG04083,CUST0227,2026-06-01,SMS,211.89,31.0
USG04084,CUST0227,2026-07-01,Data,1708.07,4.88
USG04085,CUST0227,2026-07-01,Voice,1356.14,162.5
USG04086,CUST0227,2026-07-01,SMS,337.43,79.0
USG04087,CUST0228,2026-02-01,Data,2051.06,5.86
USG04088,CUST0228,2026-02-01,Voice,615.01,157.5
USG04089,CUST0228,2026-02-01,SMS,142.85,13.0
USG04090,CUST0228,2026-03-01,Data,1253.72,3.58
USG04091,CUST0228,2026-03-01,Voice,229.04,40.5
USG04092,CUST0228,2026-03-01,SMS,55.25,41.0
USG04093,CUST0228,2026-04-01,Data,2440.41,6.97
USG04094,CUST0228,2026-04-01,Voice,659.77,113.9
USG04095,CUST0228,2026-04-01,SMS,34.82,46.0
USG04096,CUST0228,2026-05-01,Data,1105.3,3.16
USG04097,CUST0228,2026-05-01,Voice,795.68,293.6
USG04098,CUST0228,2026-05-01,SMS,40.04,21.0
USG04099,CUST0228,2026-06-01,Data,1630.05,4.66
USG04100,CUST0228,2026-06-01,Voice,1167.04,236.1
USG04101,CUST0228,2026-06-01,SMS,181.68,30.0
USG04102,CUST0228,2026-07-01,Data,2979.3,8.51
USG04103,CUST0228,2026-07-01,Voice,257.97,34.8
USG04104,CUST0228,2026-07-01,SMS,174.01,75.0
USG04105,CUST0229,2026-02-01,Data,635.52,1.82
USG04106,CUST0229,2026-02-01,Voice,269.1,29.3
USG04107,CUST0229,2026-02-01,SMS,38.81,21.0
USG04108,CUST0229,2026-03-01,Data,2922.2,8.35
USG04109,CUST0229,2026-03-01,Voice,851.25,238.0
USG04110,CUST0229,2026-03-01,SMS,159.71,45.0
USG04111,CUST0229,2026-04-01,Data,2473.47,7.07
USG04112,CUST0229,2026-04-01,Voice,775.6,108.1
USG04113,CUST0229,2026-04-01,SMS,121.0,45.0
USG04114,CUST0229,2026-05-01,Data,2540.98,7.26
USG04115,CUST0229,2026-05-01,Voice,1180.81,135.1
USG04116,CUST0229,2026-05-01,SMS,157.41,12.0
USG04117,CUST0229,2026-06-01,Data,2419.76,6.91
USG04118,CUST0229,2026-06-01,Voice,539.99,31.0
USG04119,CUST0229,2026-06-01,SMS,85.38,51.0
USG04120,CUST0229,2026-07-01,Data,710.05,2.03
USG04121,CUST0229,2026-07-01,Voice,1120.24,41.7
USG04122,CUST0229,2026-07-01,SMS,187.4,58.0
USG04123,CUST0230,2026-02-01,Data,1257.25,3.59
USG04124,CUST0230,2026-02-01,Voice,560.29,227.4
USG04125,CUST0230,2026-02-01,SMS,128.26,55.0
USG04126,CUST0230,2026-03-01,Data,1411.83,4.03
USG04127,CUST0230,2026-03-01,Voice,662.2,297.2
USG04128,CUST0230,2026-03-01,SMS,58.51,36.0
USG04129,CUST0230,2026-04-01,Data,1158.74,3.31
USG04130,CUST0230,2026-04-01,Voice,953.37,233.9
USG04131,CUST0230,2026-04-01,SMS,72.64,11.0
USG04132,CUST0230,2026-05-01,Data,429.72,1.23
USG04133,CUST0230,2026-05-01,Voice,598.82,134.9
USG04134,CUST0230,2026-05-01,SMS,197.91,40.0
USG04135,CUST0230,2026-06-01,Data,1066.69,3.05
USG04136,CUST0230,2026-06-01,Voice,1085.79,157.5
USG04137,CUST0230,2026-06-01,SMS,127.85,12.0
USG04138,CUST0230,2026-07-01,Data,1395.58,3.99
USG04139,CUST0230,2026-07-01,Voice,1141.43,185.1
USG04140,CUST0230,2026-07-01,SMS,82.01,52.0
USG04141,CUST0231,2026-02-01,Data,2767.07,7.91
USG04142,CUST0231,2026-02-01,Voice,437.69,161.4
USG04143,CUST0231,2026-02-01,SMS,192.56,18.0
USG04144,CUST0231,2026-03-01,Data,2271.13,6.49
USG04145,CUST0231,2026-03-01,Voice,795.21,210.3
USG04146,CUST0231,2026-03-01,SMS,83.22,29.0
USG04147,CUST0231,2026-04-01,Data,2178.95,6.23
USG04148,CUST0231,2026-04-01,Voice,376.32,137.5
USG04149,CUST0231,2026-04-01,SMS,53.87,6.0
USG04150,CUST0231,2026-05-01,Data,2922.15,8.35
USG04151,CUST0231,2026-05-01,Voice,603.29,291.4
USG04152,CUST0231,2026-05-01,SMS,45.26,49.0
USG04153,CUST0231,2026-06-01,Data,922.53,2.64
USG04154,CUST0231,2026-06-01,Voice,979.58,239.4
USG04155,CUST0231,2026-06-01,SMS,40.27,73.0
USG04156,CUST0231,2026-07-01,Data,906.04,2.59
USG04157,CUST0231,2026-07-01,Voice,793.63,296.0
USG04158,CUST0231,2026-07-01,SMS,178.83,77.0
USG04159,CUST0232,2026-02-01,Data,1290.76,3.69
USG04160,CUST0232,2026-02-01,Voice,260.85,72.7
USG04161,CUST0232,2026-02-01,SMS,110.09,64.0
USG04162,CUST0232,2026-03-01,Data,790.4,2.26
USG04163,CUST0232,2026-03-01,Voice,842.72,110.6
USG04164,CUST0232,2026-03-01,SMS,81.42,55.0
USG04165,CUST0232,2026-04-01,Data,1614.2,4.61
USG04166,CUST0232,2026-04-01,Voice,1002.63,63.7
USG04167,CUST0232,2026-04-01,SMS,162.19,10.0
USG04168,CUST0232,2026-05-01,Data,904.54,2.58
USG04169,CUST0232,2026-05-01,Voice,838.96,259.4
USG04170,CUST0232,2026-05-01,SMS,65.48,30.0
USG04171,CUST0232,2026-06-01,Data,1796.51,5.13
USG04172,CUST0232,2026-06-01,Voice,372.15,247.1
USG04173,CUST0232,2026-06-01,SMS,159.25,16.0
USG04174,CUST0232,2026-07-01,Data,1605.96,4.59
USG04175,CUST0232,2026-07-01,Voice,963.57,114.5
USG04176,CUST0232,2026-07-01,SMS,133.96,9.0
USG04177,CUST0233,2026-02-01,Data,1982.59,5.66
USG04178,CUST0233,2026-02-01,Voice,310.29,252.6
USG04179,CUST0233,2026-02-01,SMS,83.98,26.0
USG04180,CUST0233,2026-03-01,Data,2586.31,7.39
USG04181,CUST0233,2026-03-01,Voice,202.65,131.1
USG04182,CUST0233,2026-03-01,SMS,86.6,26.0
USG04183,CUST0233,2026-04-01,Data,2770.56,7.92
USG04184,CUST0233,2026-04-01,Voice,938.47,37.9
USG04185,CUST0233,2026-04-01,SMS,148.64,45.0
USG04186,CUST0233,2026-05-01,Data,2742.26,7.84
USG04187,CUST0233,2026-05-01,Voice,478.59,180.8
USG04188,CUST0233,2026-05-01,SMS,110.14,42.0
USG04189,CUST0233,2026-06-01,Data,1585.87,4.53
USG04190,CUST0233,2026-06-01,Voice,365.91,231.6
USG04191,CUST0233,2026-06-01,SMS,101.24,77.0
USG04192,CUST0233,2026-07-01,Data,1078.1,3.08
USG04193,CUST0233,2026-07-01,Voice,866.88,283.4
USG04194,CUST0233,2026-07-01,SMS,139.42,70.0
USG04195,CUST0234,2026-02-01,Data,4337.47,12.39
USG04196,CUST0234,2026-02-01,Voice,897.81,188.0
USG04197,CUST0234,2026-02-01,SMS,81.82,45.0
USG04198,CUST0234,2026-03-01,Data,1698.47,4.85
USG04199,CUST0234,2026-03-01,Voice,1582.57,167.9
USG04200,CUST0234,2026-03-01,SMS,159.84,25.0
USG04201,CUST0234,2026-04-01,Data,5094.25,14.55
USG04202,CUST0234,2026-04-01,Voice,383.0,32.2
USG04203,CUST0234,2026-04-01,SMS,100.48,78.0
USG04204,CUST0234,2026-05-01,Data,5008.23,14.31
USG04205,CUST0234,2026-05-01,Voice,1424.05,266.4
USG04206,CUST0234,2026-05-01,SMS,99.47,78.0
USG04207,CUST0234,2026-06-01,Data,1311.11,3.75
USG04208,CUST0234,2026-06-01,Voice,435.51,51.4
USG04209,CUST0234,2026-06-01,SMS,209.38,64.0
USG04210,CUST0234,2026-07-01,Data,2300.67,6.57
USG04211,CUST0234,2026-07-01,Voice,2000.54,141.6
USG04212,CUST0234,2026-07-01,SMS,80.04,40.0
USG04213,CUST0235,2026-02-01,Data,3681.34,10.52
USG04214,CUST0235,2026-02-01,Voice,1740.52,148.5
USG04215,CUST0235,2026-02-01,SMS,215.64,25.0
USG04216,CUST0235,2026-03-01,Data,3534.95,10.1
USG04217,CUST0235,2026-03-01,Voice,2014.96,33.7
USG04218,CUST0235,2026-03-01,SMS,305.28,47.0
USG04219,CUST0235,2026-04-01,Data,1794.28,5.13
USG04220,CUST0235,2026-04-01,Voice,1959.48,155.3
USG04221,CUST0235,2026-04-01,SMS,135.5,19.0
USG04222,CUST0235,2026-05-01,Data,1760.48,5.03
USG04223,CUST0235,2026-05-01,Voice,1741.64,192.0
USG04224,CUST0235,2026-05-01,SMS,313.45,22.0
USG04225,CUST0235,2026-06-01,Data,1215.43,3.47
USG04226,CUST0235,2026-06-01,Voice,265.87,162.2
USG04227,CUST0235,2026-06-01,SMS,339.48,57.0
USG04228,CUST0235,2026-07-01,Data,2043.1,5.84
USG04229,CUST0235,2026-07-01,Voice,1820.19,238.9
USG04230,CUST0235,2026-07-01,SMS,38.72,66.0
USG04231,CUST0236,2026-02-01,Data,2008.33,5.74
USG04232,CUST0236,2026-02-01,Voice,522.17,83.4
USG04233,CUST0236,2026-02-01,SMS,177.39,37.0
USG04234,CUST0236,2026-03-01,Data,1956.88,5.59
USG04235,CUST0236,2026-03-01,Voice,562.41,233.4
USG04236,CUST0236,2026-03-01,SMS,336.97,63.0
USG04237,CUST0236,2026-04-01,Data,1988.04,5.68
USG04238,CUST0236,2026-04-01,Voice,691.98,80.9
USG04239,CUST0236,2026-04-01,SMS,75.83,46.0
USG04240,CUST0236,2026-05-01,Data,3355.87,9.59
USG04241,CUST0236,2026-05-01,Voice,1514.32,210.5
USG04242,CUST0236,2026-05-01,SMS,123.45,30.0
USG04243,CUST0236,2026-06-01,Data,3692.29,10.55
USG04244,CUST0236,2026-06-01,Voice,878.76,79.5
USG04245,CUST0236,2026-06-01,SMS,148.55,25.0
USG04246,CUST0236,2026-07-01,Data,1070.34,3.06
USG04247,CUST0236,2026-07-01,Voice,1736.8,258.9
USG04248,CUST0236,2026-07-01,SMS,101.24,10.0
USG04249,CUST0237,2026-02-01,Data,3945.62,11.27
USG04250,CUST0237,2026-02-01,Voice,632.58,130.2
USG04251,CUST0237,2026-02-01,SMS,53.63,22.0
USG04252,CUST0237,2026-03-01,Data,4184.63,11.96
USG04253,CUST0237,2026-03-01,Voice,1690.85,78.0
USG04254,CUST0237,2026-03-01,SMS,136.79,15.0
USG04255,CUST0237,2026-04-01,Data,1007.84,2.88
USG04256,CUST0237,2026-04-01,Voice,2026.03,203.6
USG04257,CUST0237,2026-04-01,SMS,199.88,62.0
USG04258,CUST0237,2026-05-01,Data,4393.14,12.55
USG04259,CUST0237,2026-05-01,Voice,1694.99,24.6
USG04260,CUST0237,2026-05-01,SMS,91.16,54.0
USG04261,CUST0237,2026-06-01,Data,2340.86,6.69
USG04262,CUST0237,2026-06-01,Voice,2008.73,206.3
USG04263,CUST0237,2026-06-01,SMS,326.7,20.0
USG04264,CUST0237,2026-07-01,Data,4498.69,12.85
USG04265,CUST0237,2026-07-01,Voice,828.61,297.1
USG04266,CUST0237,2026-07-01,SMS,82.25,44.0
USG04267,CUST0238,2026-02-01,Data,4184.37,11.96
USG04268,CUST0238,2026-02-01,Voice,1027.27,151.1
USG04269,CUST0238,2026-02-01,SMS,335.82,37.0
USG04270,CUST0238,2026-03-01,Data,3350.0,9.57
USG04271,CUST0238,2026-03-01,Voice,352.35,255.8
USG04272,CUST0238,2026-03-01,SMS,232.34,35.0
USG04273,CUST0238,2026-04-01,Data,751.47,2.15
USG04274,CUST0238,2026-04-01,Voice,1311.13,23.5
USG04275,CUST0238,2026-04-01,SMS,34.37,51.0
USG04276,CUST0238,2026-05-01,Data,1515.46,4.33
USG04277,CUST0238,2026-05-01,Voice,597.52,202.9
USG04278,CUST0238,2026-05-01,SMS,50.43,29.0
USG04279,CUST0238,2026-06-01,Data,1340.49,3.83
USG04280,CUST0238,2026-06-01,Voice,1290.61,205.3
USG04281,CUST0238,2026-06-01,SMS,254.67,24.0
USG04282,CUST0238,2026-07-01,Data,1074.48,3.07
USG04283,CUST0238,2026-07-01,Voice,395.45,139.3
USG04284,CUST0238,2026-07-01,SMS,323.43,21.0
USG04285,CUST0239,2026-02-01,Data,1067.53,3.05
USG04286,CUST0239,2026-02-01,Voice,255.93,189.6
USG04287,CUST0239,2026-02-01,SMS,142.38,53.0
USG04288,CUST0239,2026-03-01,Data,2638.94,7.54
USG04289,CUST0239,2026-03-01,Voice,660.75,57.6
USG04290,CUST0239,2026-03-01,SMS,72.09,55.0
USG04291,CUST0239,2026-04-01,Data,1994.12,5.7
USG04292,CUST0239,2026-04-01,Voice,707.55,211.2
USG04293,CUST0239,2026-04-01,SMS,134.73,71.0
USG04294,CUST0239,2026-05-01,Data,1923.64,5.5
USG04295,CUST0239,2026-05-01,Voice,967.53,89.6
USG04296,CUST0239,2026-05-01,SMS,142.07,73.0
USG04297,CUST0239,2026-06-01,Data,1402.9,4.01
USG04298,CUST0239,2026-06-01,Voice,968.06,222.9
USG04299,CUST0239,2026-06-01,SMS,30.71,49.0
USG04300,CUST0239,2026-07-01,Data,738.49,2.11
USG04301,CUST0239,2026-07-01,Voice,1165.69,247.2
USG04302,CUST0239,2026-07-01,SMS,39.75,14.0
USG04303,CUST0240,2026-02-01,Data,1945.63,5.56
USG04304,CUST0240,2026-02-01,Voice,512.13,29.8
USG04305,CUST0240,2026-02-01,SMS,117.5,34.0
USG04306,CUST0240,2026-03-01,Data,662.8,1.89
USG04307,CUST0240,2026-03-01,Voice,992.02,276.2
USG04308,CUST0240,2026-03-01,SMS,156.19,67.0
USG04309,CUST0240,2026-04-01,Data,962.88,2.75
USG04310,CUST0240,2026-04-01,Voice,426.75,78.4
USG04311,CUST0240,2026-04-01,SMS,157.71,76.0
USG04312,CUST0240,2026-05-01,Data,2263.78,6.47
USG04313,CUST0240,2026-05-01,Voice,1075.54,198.8
USG04314,CUST0240,2026-05-01,SMS,89.78,37.0
USG04315,CUST0240,2026-06-01,Data,595.84,1.7
USG04316,CUST0240,2026-06-01,Voice,183.03,214.7
USG04317,CUST0240,2026-06-01,SMS,98.92,46.0
USG04318,CUST0240,2026-07-01,Data,1849.92,5.29
USG04319,CUST0240,2026-07-01,Voice,441.24,153.2
USG04320,CUST0240,2026-07-01,SMS,104.74,34.0
USG04321,CUST0241,2026-02-01,Data,2533.76,7.24
USG04322,CUST0241,2026-02-01,Voice,623.72,189.0
USG04323,CUST0241,2026-02-01,SMS,181.19,70.0
USG04324,CUST0241,2026-03-01,Data,2715.1,7.76
USG04325,CUST0241,2026-03-01,Voice,433.51,29.8
USG04326,CUST0241,2026-03-01,SMS,66.99,26.0
USG04327,CUST0241,2026-04-01,Data,2764.34,7.9
USG04328,CUST0241,2026-04-01,Voice,831.7,42.9
USG04329,CUST0241,2026-04-01,SMS,44.37,17.0
USG04330,CUST0241,2026-05-01,Data,2039.1,5.83
USG04331,CUST0241,2026-05-01,Voice,922.18,260.7
USG04332,CUST0241,2026-05-01,SMS,189.31,20.0
USG04333,CUST0241,2026-06-01,Data,1205.41,3.44
USG04334,CUST0241,2026-06-01,Voice,402.34,120.5
USG04335,CUST0241,2026-06-01,SMS,184.64,48.0
USG04336,CUST0241,2026-07-01,Data,2319.3,6.63
USG04337,CUST0241,2026-07-01,Voice,664.63,28.1
USG04338,CUST0241,2026-07-01,SMS,31.56,45.0
USG04339,CUST0242,2026-02-01,Data,2268.85,6.48
USG04340,CUST0242,2026-02-01,Voice,376.1,222.1
USG04341,CUST0242,2026-02-01,SMS,165.92,36.0
USG04342,CUST0242,2026-03-01,Data,2340.69,6.69
USG04343,CUST0242,2026-03-01,Voice,574.23,209.9
USG04344,CUST0242,2026-03-01,SMS,157.52,79.0
USG04345,CUST0242,2026-04-01,Data,1298.03,3.71
USG04346,CUST0242,2026-04-01,Voice,581.59,66.4
USG04347,CUST0242,2026-04-01,SMS,56.73,57.0
USG04348,CUST0242,2026-05-01,Data,2784.32,7.96
USG04349,CUST0242,2026-05-01,Voice,564.34,70.4
USG04350,CUST0242,2026-05-01,SMS,71.32,39.0
USG04351,CUST0242,2026-06-01,Data,1155.69,3.3
USG04352,CUST0242,2026-06-01,Voice,395.26,226.1
USG04353,CUST0242,2026-06-01,SMS,21.41,45.0
USG04354,CUST0242,2026-07-01,Data,2463.79,7.04
USG04355,CUST0242,2026-07-01,Voice,429.54,188.9
USG04356,CUST0242,2026-07-01,SMS,140.4,54.0
USG04357,CUST0243,2026-02-01,Data,2650.66,7.57
USG04358,CUST0243,2026-02-01,Voice,873.64,254.1
USG04359,CUST0243,2026-02-01,SMS,266.08,29.0
USG04360,CUST0243,2026-03-01,Data,1135.34,3.24
USG04361,CUST0243,2026-03-01,Voice,383.18,46.4
USG04362,CUST0243,2026-03-01,SMS,212.36,9.0
USG04363,CUST0243,2026-04-01,Data,2169.22,6.2
USG04364,CUST0243,2026-04-01,Voice,1599.46,102.4
USG04365,CUST0243,2026-04-01,SMS,267.57,61.0
USG04366,CUST0243,2026-05-01,Data,1766.56,5.05
USG04367,CUST0243,2026-05-01,Voice,1555.95,229.4
USG04368,CUST0243,2026-05-01,SMS,155.62,21.0
USG04369,CUST0243,2026-06-01,Data,2984.02,8.53
USG04370,CUST0243,2026-06-01,Voice,1899.69,199.1
USG04371,CUST0243,2026-06-01,SMS,86.91,56.0
USG04372,CUST0243,2026-07-01,Data,2568.24,7.34
USG04373,CUST0243,2026-07-01,Voice,1310.88,225.5
USG04374,CUST0243,2026-07-01,SMS,191.57,66.0
USG04375,CUST0244,2026-02-01,Data,2277.6,6.51
USG04376,CUST0244,2026-02-01,Voice,795.83,62.2
USG04377,CUST0244,2026-02-01,SMS,170.47,75.0
USG04378,CUST0244,2026-03-01,Data,756.11,2.16
USG04379,CUST0244,2026-03-01,Voice,662.65,92.5
USG04380,CUST0244,2026-03-01,SMS,155.81,59.0
USG04381,CUST0244,2026-04-01,Data,766.3,2.19
USG04382,CUST0244,2026-04-01,Voice,1070.88,70.7
USG04383,CUST0244,2026-04-01,SMS,163.51,39.0
USG04384,CUST0244,2026-05-01,Data,1253.51,3.58
USG04385,CUST0244,2026-05-01,Voice,316.15,66.9
USG04386,CUST0244,2026-05-01,SMS,139.14,46.0
USG04387,CUST0244,2026-06-01,Data,717.42,2.05
USG04388,CUST0244,2026-06-01,Voice,268.33,40.2
USG04389,CUST0244,2026-06-01,SMS,153.88,58.0
USG04390,CUST0244,2026-07-01,Data,551.92,1.58
USG04391,CUST0244,2026-07-01,Voice,738.28,43.7
USG04392,CUST0244,2026-07-01,SMS,182.67,73.0
USG04393,CUST0245,2026-02-01,Data,3766.19,10.76
USG04394,CUST0245,2026-02-01,Voice,1908.25,247.2
USG04395,CUST0245,2026-02-01,SMS,287.53,48.0
USG04396,CUST0245,2026-03-01,Data,2032.78,5.81
USG04397,CUST0245,2026-03-01,Voice,643.77,111.6
USG04398,CUST0245,2026-03-01,SMS,226.32,18.0
USG04399,CUST0245,2026-04-01,Data,1823.19,5.21
USG04400,CUST0245,2026-04-01,Voice,1090.49,85.3
USG04401,CUST0245,2026-04-01,SMS,214.12,74.0
USG04402,CUST0245,2026-05-01,Data,3986.55,11.39
USG04403,CUST0245,2026-05-01,Voice,1444.57,183.2
USG04404,CUST0245,2026-05-01,SMS,183.31,19.0
USG04405,CUST0245,2026-06-01,Data,4634.62,13.24
USG04406,CUST0245,2026-06-01,Voice,698.64,45.6
USG04407,CUST0245,2026-06-01,SMS,263.5,18.0
USG04408,CUST0245,2026-07-01,Data,2323.78,6.64
USG04409,CUST0245,2026-07-01,Voice,305.49,58.4
USG04410,CUST0245,2026-07-01,SMS,87.0,9.0
USG04411,CUST0246,2026-02-01,Data,2107.31,6.02
USG04412,CUST0246,2026-02-01,Voice,1028.86,124.5
USG04413,CUST0246,2026-02-01,SMS,177.42,21.0
USG04414,CUST0246,2026-03-01,Data,1246.02,3.56
USG04415,CUST0246,2026-03-01,Voice,308.27,193.8
USG04416,CUST0246,2026-03-01,SMS,95.58,51.0
USG04417,CUST0246,2026-04-01,Data,2380.35,6.8
USG04418,CUST0246,2026-04-01,Voice,722.99,195.7
USG04419,CUST0246,2026-04-01,SMS,188.35,27.0
USG04420,CUST0246,2026-05-01,Data,1333.83,3.81
USG04421,CUST0246,2026-05-01,Voice,903.59,191.2
USG04422,CUST0246,2026-05-01,SMS,52.14,33.0
USG04423,CUST0246,2026-06-01,Data,1616.38,4.62
USG04424,CUST0246,2026-06-01,Voice,590.36,69.9
USG04425,CUST0246,2026-06-01,SMS,186.4,62.0
USG04426,CUST0246,2026-07-01,Data,1651.53,4.72
USG04427,CUST0246,2026-07-01,Voice,864.06,271.2
USG04428,CUST0246,2026-07-01,SMS,44.51,24.0
USG04429,CUST0247,2026-02-01,Data,1811.02,5.17
USG04430,CUST0247,2026-02-01,Voice,988.96,30.2
USG04431,CUST0247,2026-02-01,SMS,197.12,39.0
USG04432,CUST0247,2026-03-01,Data,1334.0,3.81
USG04433,CUST0247,2026-03-01,Voice,457.36,68.8
USG04434,CUST0247,2026-03-01,SMS,162.48,77.0
USG04435,CUST0247,2026-04-01,Data,1475.48,4.22
USG04436,CUST0247,2026-04-01,Voice,1150.04,250.7
USG04437,CUST0247,2026-04-01,SMS,106.59,56.0
USG04438,CUST0247,2026-05-01,Data,1530.96,4.37
USG04439,CUST0247,2026-05-01,Voice,736.66,36.3
USG04440,CUST0247,2026-05-01,SMS,145.33,9.0
USG04441,CUST0247,2026-06-01,Data,2524.42,7.21
USG04442,CUST0247,2026-06-01,Voice,1016.19,86.4
USG04443,CUST0247,2026-06-01,SMS,78.26,41.0
USG04444,CUST0247,2026-07-01,Data,1951.32,5.58
USG04445,CUST0247,2026-07-01,Voice,451.72,185.9
USG04446,CUST0247,2026-07-01,SMS,73.6,9.0
USG04447,CUST0248,2026-02-01,Data,406.57,1.16
USG04448,CUST0248,2026-02-01,Voice,256.21,241.8
USG04449,CUST0248,2026-02-01,SMS,193.06,37.0
USG04450,CUST0248,2026-03-01,Data,1732.98,4.95
USG04451,CUST0248,2026-03-01,Voice,304.19,174.3
USG04452,CUST0248,2026-03-01,SMS,46.04,51.0
USG04453,CUST0248,2026-04-01,Data,2826.47,8.08
USG04454,CUST0248,2026-04-01,Voice,355.48,234.1
USG04455,CUST0248,2026-04-01,SMS,24.23,33.0
USG04456,CUST0248,2026-05-01,Data,687.95,1.97
USG04457,CUST0248,2026-05-01,Voice,520.1,68.6
USG04458,CUST0248,2026-05-01,SMS,87.19,36.0
USG04459,CUST0248,2026-06-01,Data,1181.54,3.38
USG04460,CUST0248,2026-06-01,Voice,839.45,277.3
USG04461,CUST0248,2026-06-01,SMS,92.11,19.0
USG04462,CUST0248,2026-07-01,Data,1103.88,3.15
USG04463,CUST0248,2026-07-01,Voice,1046.7,180.1
USG04464,CUST0248,2026-07-01,SMS,101.9,16.0
USG04465,CUST0249,2026-02-01,Data,1569.29,4.48
USG04466,CUST0249,2026-02-01,Voice,442.42,284.1
USG04467,CUST0249,2026-02-01,SMS,179.13,11.0
USG04468,CUST0249,2026-03-01,Data,1743.3,4.98
USG04469,CUST0249,2026-03-01,Voice,386.31,135.0
USG04470,CUST0249,2026-03-01,SMS,177.83,45.0
USG04471,CUST0249,2026-04-01,Data,1268.96,3.63
USG04472,CUST0249,2026-04-01,Voice,368.28,244.1
USG04473,CUST0249,2026-04-01,SMS,132.41,40.0
USG04474,CUST0249,2026-05-01,Data,965.46,2.76
USG04475,CUST0249,2026-05-01,Voice,500.96,288.8
USG04476,CUST0249,2026-05-01,SMS,113.62,35.0
USG04477,CUST0249,2026-06-01,Data,1755.7,5.02
USG04478,CUST0249,2026-06-01,Voice,967.94,115.2
USG04479,CUST0249,2026-06-01,SMS,52.17,49.0
USG04480,CUST0249,2026-07-01,Data,2129.53,6.08
USG04481,CUST0249,2026-07-01,Voice,898.35,267.0
USG04482,CUST0249,2026-07-01,SMS,86.81,11.0
USG04483,CUST0250,2026-02-01,Data,4915.9,14.05
USG04484,CUST0250,2026-02-01,Voice,1031.5,194.5
USG04485,CUST0250,2026-02-01,SMS,237.89,46.0
USG04486,CUST0250,2026-03-01,Data,1587.24,4.53
USG04487,CUST0250,2026-03-01,Voice,1602.93,245.1
USG04488,CUST0250,2026-03-01,SMS,203.21,42.0
USG04489,CUST0250,2026-04-01,Data,1183.61,3.38
USG04490,CUST0250,2026-04-01,Voice,404.85,115.1
USG04491,CUST0250,2026-04-01,SMS,129.12,77.0
USG04492,CUST0250,2026-05-01,Data,4143.61,11.84
USG04493,CUST0250,2026-05-01,Voice,1432.96,164.9
USG04494,CUST0250,2026-05-01,SMS,85.21,78.0
USG04495,CUST0250,2026-06-01,Data,2337.68,6.68
USG04496,CUST0250,2026-06-01,Voice,445.86,158.3
USG04497,CUST0250,2026-06-01,SMS,301.44,72.0
USG04498,CUST0250,2026-07-01,Data,728.47,2.08
USG04499,CUST0250,2026-07-01,Voice,1837.04,96.0
USG04500,CUST0250,2026-07-01,SMS,45.93,69.0
USG04501,CUST0251,2026-02-01,Data,2646.05,7.56
USG04502,CUST0251,2026-02-01,Voice,776.04,180.8
USG04503,CUST0251,2026-02-01,SMS,166.36,64.0
USG04504,CUST0251,2026-03-01,Data,2714.27,7.76
USG04505,CUST0251,2026-03-01,Voice,730.38,290.9
USG04506,CUST0251,2026-03-01,SMS,199.31,14.0
USG04507,CUST0251,2026-04-01,Data,2608.81,7.45
USG04508,CUST0251,2026-04-01,Voice,674.81,128.5
USG04509,CUST0251,2026-04-01,SMS,130.35,9.0
USG04510,CUST0251,2026-05-01,Data,1716.8,4.91
USG04511,CUST0251,2026-05-01,Voice,1064.44,79.8
USG04512,CUST0251,2026-05-01,SMS,96.75,75.0
USG04513,CUST0251,2026-06-01,Data,1514.27,4.33
USG04514,CUST0251,2026-06-01,Voice,526.29,143.4
USG04515,CUST0251,2026-06-01,SMS,113.5,52.0
USG04516,CUST0251,2026-07-01,Data,2481.8,7.09
USG04517,CUST0251,2026-07-01,Voice,624.71,248.9
USG04518,CUST0251,2026-07-01,SMS,116.07,30.0
USG04519,CUST0252,2026-02-01,Data,2110.67,6.03
USG04520,CUST0252,2026-02-01,Voice,903.61,176.3
USG04521,CUST0252,2026-02-01,SMS,30.19,18.0
USG04522,CUST0252,2026-03-01,Data,1141.77,3.26
USG04523,CUST0252,2026-03-01,Voice,446.76,208.6
USG04524,CUST0252,2026-03-01,SMS,23.3,62.0
USG04525,CUST0252,2026-04-01,Data,1089.89,3.11
USG04526,CUST0252,2026-04-01,Voice,475.52,167.8
USG04527,CUST0252,2026-04-01,SMS,58.87,71.0
USG04528,CUST0252,2026-05-01,Data,621.96,1.78
USG04529,CUST0252,2026-05-01,Voice,616.6,257.8
USG04530,CUST0252,2026-05-01,SMS,130.85,27.0
USG04531,CUST0252,2026-06-01,Data,1493.98,4.27
USG04532,CUST0252,2026-06-01,Voice,892.03,292.5
USG04533,CUST0252,2026-06-01,SMS,180.76,31.0
USG04534,CUST0252,2026-07-01,Data,2995.31,8.56
USG04535,CUST0252,2026-07-01,Voice,153.68,27.7
USG04536,CUST0252,2026-07-01,SMS,168.29,20.0
USG04537,CUST0253,2026-02-01,Data,558.0,1.59
USG04538,CUST0253,2026-02-01,Voice,399.01,139.3
USG04539,CUST0253,2026-02-01,SMS,151.5,52.0
USG04540,CUST0253,2026-03-01,Data,1017.82,2.91
USG04541,CUST0253,2026-03-01,Voice,678.43,279.3
USG04542,CUST0253,2026-03-01,SMS,166.7,29.0
USG04543,CUST0253,2026-04-01,Data,2953.89,8.44
USG04544,CUST0253,2026-04-01,Voice,894.05,37.5
USG04545,CUST0253,2026-04-01,SMS,26.33,18.0
USG04546,CUST0253,2026-05-01,Data,2292.43,6.55
USG04547,CUST0253,2026-05-01,Voice,342.93,163.2
USG04548,CUST0253,2026-05-01,SMS,36.79,74.0
USG04549,CUST0253,2026-06-01,Data,1294.3,3.7
USG04550,CUST0253,2026-06-01,Voice,1103.54,284.6
USG04551,CUST0253,2026-06-01,SMS,21.1,40.0
USG04552,CUST0253,2026-07-01,Data,464.11,1.33
USG04553,CUST0253,2026-07-01,Voice,1104.13,165.2
USG04554,CUST0253,2026-07-01,SMS,33.49,13.0
USG04555,CUST0254,2026-02-01,Data,1397.12,3.99
USG04556,CUST0254,2026-02-01,Voice,1137.25,214.0
USG04557,CUST0254,2026-02-01,SMS,176.17,32.0
USG04558,CUST0254,2026-03-01,Data,512.36,1.46
USG04559,CUST0254,2026-03-01,Voice,1173.03,24.8
USG04560,CUST0254,2026-03-01,SMS,190.58,33.0
USG04561,CUST0254,2026-04-01,Data,426.24,1.22
USG04562,CUST0254,2026-04-01,Voice,873.62,294.6
USG04563,CUST0254,2026-04-01,SMS,193.81,17.0
USG04564,CUST0254,2026-05-01,Data,871.24,2.49
USG04565,CUST0254,2026-05-01,Voice,743.82,198.4
USG04566,CUST0254,2026-05-01,SMS,153.1,19.0
USG04567,CUST0254,2026-06-01,Data,2893.42,8.27
USG04568,CUST0254,2026-06-01,Voice,820.68,257.2
USG04569,CUST0254,2026-06-01,SMS,117.21,36.0
USG04570,CUST0254,2026-07-01,Data,2940.68,8.4
USG04571,CUST0254,2026-07-01,Voice,761.23,262.7
USG04572,CUST0254,2026-07-01,SMS,191.59,56.0
USG04573,CUST0255,2026-02-01,Data,1827.24,5.22
USG04574,CUST0255,2026-02-01,Voice,153.69,31.2
USG04575,CUST0255,2026-02-01,SMS,56.15,19.0
USG04576,CUST0255,2026-03-01,Data,1062.37,3.04
USG04577,CUST0255,2026-03-01,Voice,470.18,120.8
USG04578,CUST0255,2026-03-01,SMS,95.7,12.0
USG04579,CUST0255,2026-04-01,Data,510.14,1.46
USG04580,CUST0255,2026-04-01,Voice,857.64,170.5
USG04581,CUST0255,2026-04-01,SMS,99.95,53.0
USG04582,CUST0255,2026-05-01,Data,2551.97,7.29
USG04583,CUST0255,2026-05-01,Voice,599.08,199.5
USG04584,CUST0255,2026-05-01,SMS,191.64,68.0
USG04585,CUST0255,2026-06-01,Data,1507.6,4.31
USG04586,CUST0255,2026-06-01,Voice,826.95,69.6
USG04587,CUST0255,2026-06-01,SMS,120.89,79.0
USG04588,CUST0255,2026-07-01,Data,1747.62,4.99
USG04589,CUST0255,2026-07-01,Voice,1124.02,134.1
USG04590,CUST0255,2026-07-01,SMS,199.79,48.0
USG04591,CUST0256,2026-02-01,Data,509.9,1.46
USG04592,CUST0256,2026-02-01,Voice,766.09,96.9
USG04593,CUST0256,2026-02-01,SMS,25.85,67.0
USG04594,CUST0256,2026-03-01,Data,1116.9,3.19
USG04595,CUST0256,2026-03-01,Voice,986.38,100.7
USG04596,CUST0256,2026-03-01,SMS,54.98,78.0
USG04597,CUST0256,2026-04-01,Data,1340.28,3.83
USG04598,CUST0256,2026-04-01,Voice,781.45,190.8
USG04599,CUST0256,2026-04-01,SMS,120.89,74.0
USG04600,CUST0256,2026-05-01,Data,2153.55,6.15
USG04601,CUST0256,2026-05-01,Voice,573.92,261.5
USG04602,CUST0256,2026-05-01,SMS,52.59,46.0
USG04603,CUST0256,2026-06-01,Data,2871.43,8.2
USG04604,CUST0256,2026-06-01,Voice,806.67,248.8
USG04605,CUST0256,2026-06-01,SMS,137.64,68.0
USG04606,CUST0256,2026-07-01,Data,2855.67,8.16
USG04607,CUST0256,2026-07-01,Voice,436.57,67.5
USG04608,CUST0256,2026-07-01,SMS,107.12,58.0
USG04609,CUST0257,2026-02-01,Data,1684.19,4.81
USG04610,CUST0257,2026-02-01,Voice,262.32,116.0
USG04611,CUST0257,2026-02-01,SMS,330.47,57.0
USG04612,CUST0257,2026-03-01,Data,2453.86,7.01
USG04613,CUST0257,2026-03-01,Voice,598.75,119.7
USG04614,CUST0257,2026-03-01,SMS,85.97,13.0
USG04615,CUST0257,2026-04-01,Data,4687.8,13.39
USG04616,CUST0257,2026-04-01,Voice,2035.81,66.0
USG04617,CUST0257,2026-04-01,SMS,50.68,30.0
USG04618,CUST0257,2026-05-01,Data,2720.53,7.77
USG04619,CUST0257,2026-05-01,Voice,620.61,104.4
USG04620,CUST0257,2026-05-01,SMS,95.47,63.0
USG04621,CUST0257,2026-06-01,Data,3829.59,10.94
USG04622,CUST0257,2026-06-01,Voice,1388.39,128.4
USG04623,CUST0257,2026-06-01,SMS,312.17,78.0
USG04624,CUST0257,2026-07-01,Data,1447.49,4.14
USG04625,CUST0257,2026-07-01,Voice,653.08,167.2
USG04626,CUST0257,2026-07-01,SMS,61.92,38.0
USG04627,CUST0258,2026-02-01,Data,1912.66,5.46
USG04628,CUST0258,2026-02-01,Voice,698.18,112.7
USG04629,CUST0258,2026-02-01,SMS,117.64,77.0
USG04630,CUST0258,2026-03-01,Data,935.65,2.67
USG04631,CUST0258,2026-03-01,Voice,837.57,32.2
USG04632,CUST0258,2026-03-01,SMS,31.95,46.0
USG04633,CUST0258,2026-04-01,Data,672.84,1.92
USG04634,CUST0258,2026-04-01,Voice,173.46,68.0
USG04635,CUST0258,2026-04-01,SMS,121.67,58.0
USG04636,CUST0258,2026-05-01,Data,926.44,2.65
USG04637,CUST0258,2026-05-01,Voice,851.67,71.1
USG04638,CUST0258,2026-05-01,SMS,130.42,36.0
USG04639,CUST0258,2026-06-01,Data,2099.88,6.0
USG04640,CUST0258,2026-06-01,Voice,1194.81,282.6
USG04641,CUST0258,2026-06-01,SMS,20.77,71.0
USG04642,CUST0258,2026-07-01,Data,572.88,1.64
USG04643,CUST0258,2026-07-01,Voice,1150.7,98.9
USG04644,CUST0258,2026-07-01,SMS,88.77,12.0
USG04645,CUST0259,2026-02-01,Data,691.91,1.98
USG04646,CUST0259,2026-02-01,Voice,913.08,284.4
USG04647,CUST0259,2026-02-01,SMS,129.93,59.0
USG04648,CUST0259,2026-03-01,Data,2381.12,6.8
USG04649,CUST0259,2026-03-01,Voice,425.95,32.7
USG04650,CUST0259,2026-03-01,SMS,20.34,31.0
USG04651,CUST0259,2026-04-01,Data,1027.81,2.94
USG04652,CUST0259,2026-04-01,Voice,215.43,70.3
USG04653,CUST0259,2026-04-01,SMS,42.41,74.0
USG04654,CUST0259,2026-05-01,Data,764.69,2.18
USG04655,CUST0259,2026-05-01,Voice,714.53,186.1
USG04656,CUST0259,2026-05-01,SMS,117.83,12.0
USG04657,CUST0259,2026-06-01,Data,1228.88,3.51
USG04658,CUST0259,2026-06-01,Voice,203.83,130.8
USG04659,CUST0259,2026-06-01,SMS,53.95,47.0
USG04660,CUST0259,2026-07-01,Data,2201.3,6.29
USG04661,CUST0259,2026-07-01,Voice,708.73,141.6
USG04662,CUST0259,2026-07-01,SMS,89.72,68.0
USG04663,CUST0260,2026-02-01,Data,970.36,2.77
USG04664,CUST0260,2026-02-01,Voice,920.93,232.1
USG04665,CUST0260,2026-02-01,SMS,95.46,27.0
USG04666,CUST0260,2026-03-01,Data,1623.41,4.64
USG04667,CUST0260,2026-03-01,Voice,247.87,32.9
USG04668,CUST0260,2026-03-01,SMS,40.09,19.0
USG04669,CUST0260,2026-04-01,Data,1710.86,4.89
USG04670,CUST0260,2026-04-01,Voice,1041.59,86.0
USG04671,CUST0260,2026-04-01,SMS,188.33,77.0
USG04672,CUST0260,2026-05-01,Data,2893.15,8.27
USG04673,CUST0260,2026-05-01,Voice,1029.44,121.9
USG04674,CUST0260,2026-05-01,SMS,33.08,48.0
USG04675,CUST0260,2026-06-01,Data,1852.57,5.29
USG04676,CUST0260,2026-06-01,Voice,1042.47,298.9
USG04677,CUST0260,2026-06-01,SMS,111.47,31.0
USG04678,CUST0260,2026-07-01,Data,883.34,2.52
USG04679,CUST0260,2026-07-01,Voice,155.04,162.6
USG04680,CUST0260,2026-07-01,SMS,119.99,67.0
USG04681,CUST0261,2026-02-01,Data,1711.9,4.89
USG04682,CUST0261,2026-02-01,Voice,1112.29,195.9
USG04683,CUST0261,2026-02-01,SMS,171.26,16.0
USG04684,CUST0261,2026-03-01,Data,2623.87,7.5
USG04685,CUST0261,2026-03-01,Voice,858.9,67.7
USG04686,CUST0261,2026-03-01,SMS,54.16,74.0
USG04687,CUST0261,2026-04-01,Data,483.76,1.38
USG04688,CUST0261,2026-04-01,Voice,635.66,107.8
USG04689,CUST0261,2026-04-01,SMS,139.71,68.0
USG04690,CUST0261,2026-05-01,Data,1336.98,3.82
USG04691,CUST0261,2026-05-01,Voice,598.25,294.9
USG04692,CUST0261,2026-05-01,SMS,161.1,72.0
USG04693,CUST0261,2026-06-01,Data,1540.78,4.4
USG04694,CUST0261,2026-06-01,Voice,395.78,135.3
USG04695,CUST0261,2026-06-01,SMS,148.9,13.0
USG04696,CUST0261,2026-07-01,Data,1103.22,3.15
USG04697,CUST0261,2026-07-01,Voice,198.97,141.1
USG04698,CUST0261,2026-07-01,SMS,168.94,7.0
USG04699,CUST0262,2026-02-01,Data,2155.84,6.16
USG04700,CUST0262,2026-02-01,Voice,1129.12,86.3
USG04701,CUST0262,2026-02-01,SMS,144.85,78.0
USG04702,CUST0262,2026-03-01,Data,2901.92,8.29
USG04703,CUST0262,2026-03-01,Voice,396.68,48.1
USG04704,CUST0262,2026-03-01,SMS,46.69,58.0
USG04705,CUST0262,2026-04-01,Data,2286.97,6.53
USG04706,CUST0262,2026-04-01,Voice,857.95,114.1
USG04707,CUST0262,2026-04-01,SMS,50.56,49.0
USG04708,CUST0262,2026-05-01,Data,1657.57,4.74
USG04709,CUST0262,2026-05-01,Voice,915.28,143.6
USG04710,CUST0262,2026-05-01,SMS,80.96,27.0
USG04711,CUST0262,2026-06-01,Data,949.82,2.71
USG04712,CUST0262,2026-06-01,Voice,429.03,46.6
USG04713,CUST0262,2026-06-01,SMS,82.43,8.0
USG04714,CUST0262,2026-07-01,Data,884.68,2.53
USG04715,CUST0262,2026-07-01,Voice,934.11,111.1
USG04716,CUST0262,2026-07-01,SMS,140.28,59.0
USG04717,CUST0263,2026-02-01,Data,1911.08,5.46
USG04718,CUST0263,2026-02-01,Voice,1156.63,26.0
USG04719,CUST0263,2026-02-01,SMS,152.96,77.0
USG04720,CUST0263,2026-03-01,Data,2641.91,7.55
USG04721,CUST0263,2026-03-01,Voice,326.29,111.5
USG04722,CUST0263,2026-03-01,SMS,51.04,50.0
USG04723,CUST0263,2026-04-01,Data,2251.69,6.43
USG04724,CUST0263,2026-04-01,Voice,482.93,171.1
USG04725,CUST0263,2026-04-01,SMS,144.37,37.0
USG04726,CUST0263,2026-05-01,Data,2620.44,7.49
USG04727,CUST0263,2026-05-01,Voice,960.13,38.1
USG04728,CUST0263,2026-05-01,SMS,131.8,23.0
USG04729,CUST0263,2026-06-01,Data,1849.55,5.28
USG04730,CUST0263,2026-06-01,Voice,1154.73,266.1
USG04731,CUST0263,2026-06-01,SMS,92.81,27.0
USG04732,CUST0263,2026-07-01,Data,1009.45,2.88
USG04733,CUST0263,2026-07-01,Voice,709.14,52.0
USG04734,CUST0263,2026-07-01,SMS,118.87,5.0
USG04735,CUST0264,2026-02-01,Data,1242.01,3.55
USG04736,CUST0264,2026-02-01,Voice,380.93,291.9
USG04737,CUST0264,2026-02-01,SMS,150.9,31.0
USG04738,CUST0264,2026-03-01,Data,641.4,1.83
USG04739,CUST0264,2026-03-01,Voice,692.64,79.8
USG04740,CUST0264,2026-03-01,SMS,116.56,68.0
USG04741,CUST0264,2026-04-01,Data,2001.06,5.72
USG04742,CUST0264,2026-04-01,Voice,815.48,171.5
USG04743,CUST0264,2026-04-01,SMS,186.91,75.0
USG04744,CUST0264,2026-05-01,Data,1733.08,4.95
USG04745,CUST0264,2026-05-01,Voice,471.05,148.7
USG04746,CUST0264,2026-05-01,SMS,53.58,53.0
USG04747,CUST0264,2026-06-01,Data,1700.24,4.86
USG04748,CUST0264,2026-06-01,Voice,258.47,75.3
USG04749,CUST0264,2026-06-01,SMS,106.33,72.0
USG04750,CUST0264,2026-07-01,Data,1872.62,5.35
USG04751,CUST0264,2026-07-01,Voice,865.61,114.9
USG04752,CUST0264,2026-07-01,SMS,122.85,39.0
USG04753,CUST0265,2026-02-01,Data,3593.35,10.27
USG04754,CUST0265,2026-02-01,Voice,345.28,158.1
USG04755,CUST0265,2026-02-01,SMS,124.57,29.0
USG04756,CUST0265,2026-03-01,Data,4927.26,14.08
USG04757,CUST0265,2026-03-01,Voice,581.11,107.1
USG04758,CUST0265,2026-03-01,SMS,190.03,70.0
USG04759,CUST0265,2026-04-01,Data,2521.68,7.2
USG04760,CUST0265,2026-04-01,Voice,1582.8,259.8
USG04761,CUST0265,2026-04-01,SMS,128.87,34.0
USG04762,CUST0265,2026-05-01,Data,2255.98,6.45
USG04763,CUST0265,2026-05-01,Voice,1741.65,32.4
USG04764,CUST0265,2026-05-01,SMS,128.38,56.0
USG04765,CUST0265,2026-06-01,Data,3179.26,9.08
USG04766,CUST0265,2026-06-01,Voice,1033.78,171.2
USG04767,CUST0265,2026-06-01,SMS,94.46,37.0
USG04768,CUST0265,2026-07-01,Data,2897.53,8.28
USG04769,CUST0265,2026-07-01,Voice,1863.62,93.0
USG04770,CUST0265,2026-07-01,SMS,299.56,53.0
USG04771,CUST0266,2026-02-01,Data,769.91,2.2
USG04772,CUST0266,2026-02-01,Voice,1548.47,30.0
USG04773,CUST0266,2026-02-01,SMS,339.2,70.0
USG04774,CUST0266,2026-03-01,Data,1994.26,5.7
USG04775,CUST0266,2026-03-01,Voice,714.48,126.8
USG04776,CUST0266,2026-03-01,SMS,142.99,33.0
USG04777,CUST0266,2026-04-01,Data,2086.78,5.96
USG04778,CUST0266,2026-04-01,Voice,1363.72,66.0
USG04779,CUST0266,2026-04-01,SMS,292.87,66.0
USG04780,CUST0266,2026-05-01,Data,2786.06,7.96
USG04781,CUST0266,2026-05-01,Voice,1777.12,89.2
USG04782,CUST0266,2026-05-01,SMS,39.38,51.0
USG04783,CUST0266,2026-06-01,Data,2703.96,7.73
USG04784,CUST0266,2026-06-01,Voice,1267.39,271.8
USG04785,CUST0266,2026-06-01,SMS,330.8,53.0
USG04786,CUST0266,2026-07-01,Data,4057.13,11.59
USG04787,CUST0266,2026-07-01,Voice,404.6,65.0
USG04788,CUST0266,2026-07-01,SMS,258.36,37.0
USG04789,CUST0267,2026-02-01,Data,1559.51,4.46
USG04790,CUST0267,2026-02-01,Voice,474.04,190.1
USG04791,CUST0267,2026-02-01,SMS,53.33,52.0
USG04792,CUST0267,2026-03-01,Data,851.88,2.43
USG04793,CUST0267,2026-03-01,Voice,217.02,112.5
USG04794,CUST0267,2026-03-01,SMS,61.61,72.0
USG04795,CUST0267,2026-04-01,Data,542.88,1.55
USG04796,CUST0267,2026-04-01,Voice,335.44,173.6
USG04797,CUST0267,2026-04-01,SMS,106.59,8.0
USG04798,CUST0267,2026-05-01,Data,418.86,1.2
USG04799,CUST0267,2026-05-01,Voice,1187.47,204.5
USG04800,CUST0267,2026-05-01,SMS,85.77,40.0
USG04801,CUST0267,2026-06-01,Data,1093.03,3.12
USG04802,CUST0267,2026-06-01,Voice,512.12,201.7
USG04803,CUST0267,2026-06-01,SMS,178.91,19.0
USG04804,CUST0267,2026-07-01,Data,2584.94,7.39
USG04805,CUST0267,2026-07-01,Voice,277.63,80.2
USG04806,CUST0267,2026-07-01,SMS,26.69,16.0
USG04807,CUST0268,2026-02-01,Data,4734.48,13.53
USG04808,CUST0268,2026-02-01,Voice,1075.1,41.7
USG04809,CUST0268,2026-02-01,SMS,327.68,71.0
USG04810,CUST0268,2026-03-01,Data,4015.7,11.47
USG04811,CUST0268,2026-03-01,Voice,1921.25,81.6
USG04812,CUST0268,2026-03-01,SMS,289.93,57.0
USG04813,CUST0268,2026-04-01,Data,4524.34,12.93
USG04814,CUST0268,2026-04-01,Voice,1677.49,117.0
USG04815,CUST0268,2026-04-01,SMS,270.97,25.0
USG04816,CUST0268,2026-05-01,Data,2132.38,6.09
USG04817,CUST0268,2026-05-01,Voice,447.61,281.8
USG04818,CUST0268,2026-05-01,SMS,123.05,44.0
USG04819,CUST0268,2026-06-01,Data,2409.69,6.88
USG04820,CUST0268,2026-06-01,Voice,1968.47,113.8
USG04821,CUST0268,2026-06-01,SMS,272.24,69.0
USG04822,CUST0268,2026-07-01,Data,2605.38,7.44
USG04823,CUST0268,2026-07-01,Voice,930.04,229.4
USG04824,CUST0268,2026-07-01,SMS,313.35,62.0
USG04825,CUST0269,2026-02-01,Data,990.53,2.83
USG04826,CUST0269,2026-02-01,Voice,1082.72,128.5
USG04827,CUST0269,2026-02-01,SMS,123.72,67.0
USG04828,CUST0269,2026-03-01,Data,889.83,2.54
USG04829,CUST0269,2026-03-01,Voice,973.74,186.9
USG04830,CUST0269,2026-03-01,SMS,180.8,18.0
USG04831,CUST0269,2026-04-01,Data,1493.77,4.27
USG04832,CUST0269,2026-04-01,Voice,1024.49,25.4
USG04833,CUST0269,2026-04-01,SMS,40.2,79.0
USG04834,CUST0269,2026-05-01,Data,1129.02,3.23
USG04835,CUST0269,2026-05-01,Voice,1174.32,71.1
USG04836,CUST0269,2026-05-01,SMS,85.0,61.0
USG04837,CUST0269,2026-06-01,Data,2110.22,6.03
USG04838,CUST0269,2026-06-01,Voice,760.18,168.4
USG04839,CUST0269,2026-06-01,SMS,171.82,23.0
USG04840,CUST0269,2026-07-01,Data,1550.42,4.43
USG04841,CUST0269,2026-07-01,Voice,313.22,186.9
USG04842,CUST0269,2026-07-01,SMS,65.1,30.0
USG04843,CUST0270,2026-02-01,Data,1625.25,4.64
USG04844,CUST0270,2026-02-01,Voice,178.11,45.7
USG04845,CUST0270,2026-02-01,SMS,143.47,37.0
USG04846,CUST0270,2026-03-01,Data,2648.45,7.57
USG04847,CUST0270,2026-03-01,Voice,879.41,22.3
USG04848,CUST0270,2026-03-01,SMS,131.01,12.0
USG04849,CUST0270,2026-04-01,Data,2430.43,6.94
USG04850,CUST0270,2026-04-01,Voice,1191.08,168.7
USG04851,CUST0270,2026-04-01,SMS,142.9,23.0
USG04852,CUST0270,2026-05-01,Data,1537.75,4.39
USG04853,CUST0270,2026-05-01,Voice,1048.9,66.9
USG04854,CUST0270,2026-05-01,SMS,67.8,38.0
USG04855,CUST0270,2026-06-01,Data,2251.85,6.43
USG04856,CUST0270,2026-06-01,Voice,544.68,279.8
USG04857,CUST0270,2026-06-01,SMS,37.0,33.0
USG04858,CUST0270,2026-07-01,Data,2243.28,6.41
USG04859,CUST0270,2026-07-01,Voice,387.29,203.8
USG04860,CUST0270,2026-07-01,SMS,49.56,9.0
USG04861,CUST0271,2026-02-01,Data,714.64,2.04
USG04862,CUST0271,2026-02-01,Voice,1126.48,174.5
USG04863,CUST0271,2026-02-01,SMS,163.34,30.0
USG04864,CUST0271,2026-03-01,Data,1940.91,5.55
USG04865,CUST0271,2026-03-01,Voice,669.7,284.8
USG04866,CUST0271,2026-03-01,SMS,154.56,60.0
USG04867,CUST0271,2026-04-01,Data,520.52,1.49
USG04868,CUST0271,2026-04-01,Voice,727.15,150.8
USG04869,CUST0271,2026-04-01,SMS,187.01,24.0
USG04870,CUST0271,2026-05-01,Data,1101.57,3.15
USG04871,CUST0271,2026-05-01,Voice,581.91,88.1
USG04872,CUST0271,2026-05-01,SMS,43.25,69.0
USG04873,CUST0271,2026-06-01,Data,1851.52,5.29
USG04874,CUST0271,2026-06-01,Voice,1054.43,252.7
USG04875,CUST0271,2026-06-01,SMS,70.77,46.0
USG04876,CUST0271,2026-07-01,Data,616.37,1.76
USG04877,CUST0271,2026-07-01,Voice,1111.01,133.2
USG04878,CUST0271,2026-07-01,SMS,90.86,28.0
USG04879,CUST0272,2026-02-01,Data,1597.73,4.56
USG04880,CUST0272,2026-02-01,Voice,414.35,125.0
USG04881,CUST0272,2026-02-01,SMS,163.99,68.0
USG04882,CUST0272,2026-03-01,Data,1190.87,3.4
USG04883,CUST0272,2026-03-01,Voice,642.47,264.7
USG04884,CUST0272,2026-03-01,SMS,29.48,72.0
USG04885,CUST0272,2026-04-01,Data,969.88,2.77
USG04886,CUST0272,2026-04-01,Voice,862.47,183.1
USG04887,CUST0272,2026-04-01,SMS,119.53,69.0
USG04888,CUST0272,2026-05-01,Data,664.09,1.9
USG04889,CUST0272,2026-05-01,Voice,514.38,170.7
USG04890,CUST0272,2026-05-01,SMS,166.03,21.0
USG04891,CUST0272,2026-06-01,Data,2487.62,7.11
USG04892,CUST0272,2026-06-01,Voice,569.62,72.9
USG04893,CUST0272,2026-06-01,SMS,156.62,12.0
USG04894,CUST0272,2026-07-01,Data,1738.4,4.97
USG04895,CUST0272,2026-07-01,Voice,217.07,119.8
USG04896,CUST0272,2026-07-01,SMS,128.19,47.0
USG04897,CUST0273,2026-02-01,Data,1452.1,4.15
USG04898,CUST0273,2026-02-01,Voice,600.5,83.5
USG04899,CUST0273,2026-02-01,SMS,102.06,76.0
USG04900,CUST0273,2026-03-01,Data,2611.18,7.46
USG04901,CUST0273,2026-03-01,Voice,302.49,28.3
USG04902,CUST0273,2026-03-01,SMS,188.03,45.0
USG04903,CUST0273,2026-04-01,Data,1798.38,5.14
USG04904,CUST0273,2026-04-01,Voice,969.75,108.1
USG04905,CUST0273,2026-04-01,SMS,106.74,78.0
USG04906,CUST0273,2026-05-01,Data,2147.59,6.14
USG04907,CUST0273,2026-05-01,Voice,311.43,57.3
USG04908,CUST0273,2026-05-01,SMS,56.77,63.0
USG04909,CUST0273,2026-06-01,Data,1167.98,3.34
USG04910,CUST0273,2026-06-01,Voice,172.46,284.4
USG04911,CUST0273,2026-06-01,SMS,50.55,6.0
USG04912,CUST0273,2026-07-01,Data,1016.54,2.9
USG04913,CUST0273,2026-07-01,Voice,396.78,138.2
USG04914,CUST0273,2026-07-01,SMS,185.67,71.0
USG04915,CUST0274,2026-02-01,Data,1587.93,4.54
USG04916,CUST0274,2026-02-01,Voice,581.44,175.4
USG04917,CUST0274,2026-02-01,SMS,63.82,9.0
USG04918,CUST0274,2026-03-01,Data,2841.98,8.12
USG04919,CUST0274,2026-03-01,Voice,346.03,75.6
USG04920,CUST0274,2026-03-01,SMS,105.04,42.0
USG04921,CUST0274,2026-04-01,Data,447.93,1.28
USG04922,CUST0274,2026-04-01,Voice,305.35,125.9
USG04923,CUST0274,2026-04-01,SMS,143.07,22.0
USG04924,CUST0274,2026-05-01,Data,1499.84,4.29
USG04925,CUST0274,2026-05-01,Voice,735.21,268.8
USG04926,CUST0274,2026-05-01,SMS,78.69,15.0
USG04927,CUST0274,2026-06-01,Data,1672.11,4.78
USG04928,CUST0274,2026-06-01,Voice,934.06,50.8
USG04929,CUST0274,2026-06-01,SMS,96.44,6.0
USG04930,CUST0274,2026-07-01,Data,487.25,1.39
USG04931,CUST0274,2026-07-01,Voice,657.1,103.5
USG04932,CUST0274,2026-07-01,SMS,172.12,50.0
USG04933,CUST0275,2026-02-01,Data,1580.23,4.51
USG04934,CUST0275,2026-02-01,Voice,578.33,159.2
USG04935,CUST0275,2026-02-01,SMS,27.28,72.0
USG04936,CUST0275,2026-03-01,Data,2995.59,8.56
USG04937,CUST0275,2026-03-01,Voice,340.56,53.7
USG04938,CUST0275,2026-03-01,SMS,45.84,55.0
USG04939,CUST0275,2026-04-01,Data,2119.75,6.06
USG04940,CUST0275,2026-04-01,Voice,1040.32,230.5
USG04941,CUST0275,2026-04-01,SMS,100.94,51.0
USG04942,CUST0275,2026-05-01,Data,2189.54,6.26
USG04943,CUST0275,2026-05-01,Voice,688.37,153.2
USG04944,CUST0275,2026-05-01,SMS,136.12,47.0
USG04945,CUST0275,2026-06-01,Data,2074.25,5.93
USG04946,CUST0275,2026-06-01,Voice,793.5,221.4
USG04947,CUST0275,2026-06-01,SMS,135.7,44.0
USG04948,CUST0275,2026-07-01,Data,2172.67,6.21
USG04949,CUST0275,2026-07-01,Voice,621.96,87.7
USG04950,CUST0275,2026-07-01,SMS,20.26,47.0
USG04951,CUST0276,2026-02-01,Data,1935.7,5.53
USG04952,CUST0276,2026-02-01,Voice,1170.65,121.2
USG04953,CUST0276,2026-02-01,SMS,90.94,20.0
USG04954,CUST0276,2026-03-01,Data,583.39,1.67
USG04955,CUST0276,2026-03-01,Voice,961.44,89.9
USG04956,CUST0276,2026-03-01,SMS,129.6,57.0
USG04957,CUST0276,2026-04-01,Data,1625.22,4.64
USG04958,CUST0276,2026-04-01,Voice,1070.17,144.3
USG04959,CUST0276,2026-04-01,SMS,71.28,72.0
USG04960,CUST0276,2026-05-01,Data,2640.07,7.54
USG04961,CUST0276,2026-05-01,Voice,322.24,27.3
USG04962,CUST0276,2026-05-01,SMS,36.2,26.0
USG04963,CUST0276,2026-06-01,Data,2927.88,8.37
USG04964,CUST0276,2026-06-01,Voice,736.44,124.5
USG04965,CUST0276,2026-06-01,SMS,179.97,39.0
USG04966,CUST0276,2026-07-01,Data,1219.62,3.48
USG04967,CUST0276,2026-07-01,Voice,1138.28,257.9
USG04968,CUST0276,2026-07-01,SMS,171.86,43.0
USG04969,CUST0277,2026-02-01,Data,2452.54,7.01
USG04970,CUST0277,2026-02-01,Voice,338.32,180.5
USG04971,CUST0277,2026-02-01,SMS,197.09,27.0
USG04972,CUST0277,2026-03-01,Data,2465.32,7.04
USG04973,CUST0277,2026-03-01,Voice,665.0,31.1
USG04974,CUST0277,2026-03-01,SMS,157.34,18.0
USG04975,CUST0277,2026-04-01,Data,2041.83,5.83
USG04976,CUST0277,2026-04-01,Voice,239.95,285.1
USG04977,CUST0277,2026-04-01,SMS,72.51,22.0
USG04978,CUST0277,2026-05-01,Data,735.75,2.1
USG04979,CUST0277,2026-05-01,Voice,1143.3,219.3
USG04980,CUST0277,2026-05-01,SMS,153.5,42.0
USG04981,CUST0277,2026-06-01,Data,1634.29,4.67
USG04982,CUST0277,2026-06-01,Voice,265.52,176.8
USG04983,CUST0277,2026-06-01,SMS,64.44,78.0
USG04984,CUST0277,2026-07-01,Data,2471.11,7.06
USG04985,CUST0277,2026-07-01,Voice,583.64,62.4
USG04986,CUST0277,2026-07-01,SMS,161.36,14.0
USG04987,CUST0278,2026-02-01,Data,892.27,2.55
USG04988,CUST0278,2026-02-01,Voice,372.1,175.9
USG04989,CUST0278,2026-02-01,SMS,161.67,29.0
USG04990,CUST0278,2026-03-01,Data,620.14,1.77
USG04991,CUST0278,2026-03-01,Voice,637.77,229.5
USG04992,CUST0278,2026-03-01,SMS,59.9,21.0
USG04993,CUST0278,2026-04-01,Data,2862.79,8.18
USG04994,CUST0278,2026-04-01,Voice,1151.86,297.3
USG04995,CUST0278,2026-04-01,SMS,165.38,19.0
USG04996,CUST0278,2026-05-01,Data,951.15,2.72
USG04997,CUST0278,2026-05-01,Voice,507.24,109.1
USG04998,CUST0278,2026-05-01,SMS,192.17,64.0
USG04999,CUST0278,2026-06-01,Data,2282.42,6.52
USG05000,CUST0278,2026-06-01,Voice,345.26,274.7
USG05001,CUST0278,2026-06-01,SMS,169.02,17.0
USG05002,CUST0278,2026-07-01,Data,2665.04,7.61
USG05003,CUST0278,2026-07-01,Voice,435.86,42.6
USG05004,CUST0278,2026-07-01,SMS,138.23,54.0
USG05005,CUST0279,2026-02-01,Data,646.82,1.85
USG05006,CUST0279,2026-02-01,Voice,484.79,298.0
USG05007,CUST0279,2026-02-01,SMS,142.12,60.0
USG05008,CUST0279,2026-03-01,Data,953.58,2.72
USG05009,CUST0279,2026-03-01,Voice,232.72,97.5
USG05010,CUST0279,2026-03-01,SMS,64.8,23.0
USG05011,CUST0279,2026-04-01,Data,901.16,2.57
USG05012,CUST0279,2026-04-01,Voice,753.49,111.9
USG05013,CUST0279,2026-04-01,SMS,167.66,19.0
USG05014,CUST0279,2026-05-01,Data,1608.03,4.59
USG05015,CUST0279,2026-05-01,Voice,164.34,154.9
USG05016,CUST0279,2026-05-01,SMS,30.05,78.0
USG05017,CUST0279,2026-06-01,Data,2455.54,7.02
USG05018,CUST0279,2026-06-01,Voice,664.62,44.2
USG05019,CUST0279,2026-06-01,SMS,126.64,62.0
USG05020,CUST0279,2026-07-01,Data,895.86,2.56
USG05021,CUST0279,2026-07-01,Voice,746.62,248.0
USG05022,CUST0279,2026-07-01,SMS,158.28,65.0
USG05023,CUST0280,2026-02-01,Data,2686.24,7.67
USG05024,CUST0280,2026-02-01,Voice,1134.57,133.5
USG05025,CUST0280,2026-02-01,SMS,122.38,64.0
USG05026,CUST0280,2026-03-01,Data,2212.56,6.32
USG05027,CUST0280,2026-03-01,Voice,1195.3,23.8
USG05028,CUST0280,2026-03-01,SMS,83.92,26.0
USG05029,CUST0280,2026-04-01,Data,1082.02,3.09
USG05030,CUST0280,2026-04-01,Voice,383.66,218.6
USG05031,CUST0280,2026-04-01,SMS,35.26,61.0
USG05032,CUST0280,2026-05-01,Data,2202.91,6.29
USG05033,CUST0280,2026-05-01,Voice,413.34,90.8
USG05034,CUST0280,2026-05-01,SMS,133.19,62.0
USG05035,CUST0280,2026-06-01,Data,2678.86,7.65
USG05036,CUST0280,2026-06-01,Voice,1044.75,290.2
USG05037,CUST0280,2026-06-01,SMS,124.65,73.0
USG05038,CUST0280,2026-07-01,Data,2502.13,7.15
USG05039,CUST0280,2026-07-01,Voice,1089.4,23.3
USG05040,CUST0280,2026-07-01,SMS,193.86,41.0
USG05041,CUST0281,2026-02-01,Data,2475.28,7.07
USG05042,CUST0281,2026-02-01,Voice,283.56,130.9
USG05043,CUST0281,2026-02-01,SMS,68.86,27.0
USG05044,CUST0281,2026-03-01,Data,720.46,2.06
USG05045,CUST0281,2026-03-01,Voice,996.05,22.6
USG05046,CUST0281,2026-03-01,SMS,76.25,18.0
USG05047,CUST0281,2026-04-01,Data,1931.5,5.52
USG05048,CUST0281,2026-04-01,Voice,416.97,92.5
USG05049,CUST0281,2026-04-01,SMS,107.9,54.0
USG05050,CUST0281,2026-05-01,Data,715.39,2.04
USG05051,CUST0281,2026-05-01,Voice,334.29,89.2
USG05052,CUST0281,2026-05-01,SMS,195.27,35.0
USG05053,CUST0281,2026-06-01,Data,1957.37,5.59
USG05054,CUST0281,2026-06-01,Voice,403.62,157.3
USG05055,CUST0281,2026-06-01,SMS,33.34,8.0
USG05056,CUST0281,2026-07-01,Data,1618.71,4.62
USG05057,CUST0281,2026-07-01,Voice,568.59,58.3
USG05058,CUST0281,2026-07-01,SMS,143.77,79.0
USG05059,CUST0282,2026-02-01,Data,1428.68,4.08
USG05060,CUST0282,2026-02-01,Voice,805.79,289.6
USG05061,CUST0282,2026-02-01,SMS,169.68,40.0
USG05062,CUST0282,2026-03-01,Data,2317.47,6.62
USG05063,CUST0282,2026-03-01,Voice,284.54,163.4
USG05064,CUST0282,2026-03-01,SMS,70.23,17.0
USG05065,CUST0282,2026-04-01,Data,1508.33,4.31
USG05066,CUST0282,2026-04-01,Voice,287.57,215.7
USG05067,CUST0282,2026-04-01,SMS,102.12,45.0
USG05068,CUST0282,2026-05-01,Data,780.58,2.23
USG05069,CUST0282,2026-05-01,Voice,296.76,183.4
USG05070,CUST0282,2026-05-01,SMS,197.3,12.0
USG05071,CUST0282,2026-06-01,Data,1142.9,3.27
USG05072,CUST0282,2026-06-01,Voice,1062.93,40.2
USG05073,CUST0282,2026-06-01,SMS,177.66,44.0
USG05074,CUST0282,2026-07-01,Data,1461.49,4.18
USG05075,CUST0282,2026-07-01,Voice,475.16,103.2
USG05076,CUST0282,2026-07-01,SMS,75.04,71.0
USG05077,CUST0283,2026-02-01,Data,2281.87,6.52
USG05078,CUST0283,2026-02-01,Voice,853.21,243.6
USG05079,CUST0283,2026-02-01,SMS,66.28,51.0
USG05080,CUST0283,2026-03-01,Data,1596.17,4.56
USG05081,CUST0283,2026-03-01,Voice,971.56,106.6
USG05082,CUST0283,2026-03-01,SMS,135.77,71.0
USG05083,CUST0283,2026-04-01,Data,1445.59,4.13
USG05084,CUST0283,2026-04-01,Voice,219.95,164.5
USG05085,CUST0283,2026-04-01,SMS,82.28,55.0
USG05086,CUST0283,2026-05-01,Data,2872.69,8.21
USG05087,CUST0283,2026-05-01,Voice,659.89,150.5
USG05088,CUST0283,2026-05-01,SMS,137.83,13.0
USG05089,CUST0283,2026-06-01,Data,1059.12,3.03
USG05090,CUST0283,2026-06-01,Voice,1114.93,207.6
USG05091,CUST0283,2026-06-01,SMS,22.42,20.0
USG05092,CUST0283,2026-07-01,Data,2175.38,6.22
USG05093,CUST0283,2026-07-01,Voice,952.62,255.2
USG05094,CUST0283,2026-07-01,SMS,72.59,75.0
USG05095,CUST0284,2026-02-01,Data,1837.66,5.25
USG05096,CUST0284,2026-02-01,Voice,881.37,187.1
USG05097,CUST0284,2026-02-01,SMS,42.09,77.0
USG05098,CUST0284,2026-03-01,Data,719.48,2.06
USG05099,CUST0284,2026-03-01,Voice,417.63,247.8
USG05100,CUST0284,2026-03-01,SMS,131.35,68.0
USG05101,CUST0284,2026-04-01,Data,1740.91,4.97
USG05102,CUST0284,2026-04-01,Voice,545.84,278.1
USG05103,CUST0284,2026-04-01,SMS,26.53,69.0
USG05104,CUST0284,2026-05-01,Data,1000.13,2.86
USG05105,CUST0284,2026-05-01,Voice,1041.17,59.0
USG05106,CUST0284,2026-05-01,SMS,124.44,72.0
USG05107,CUST0284,2026-06-01,Data,1631.2,4.66
USG05108,CUST0284,2026-06-01,Voice,933.9,245.3
USG05109,CUST0284,2026-06-01,SMS,152.57,74.0
USG05110,CUST0284,2026-07-01,Data,1561.77,4.46
USG05111,CUST0284,2026-07-01,Voice,331.78,33.4
USG05112,CUST0284,2026-07-01,SMS,64.36,16.0
USG05113,CUST0285,2026-02-01,Data,1850.67,5.29
USG05114,CUST0285,2026-02-01,Voice,344.19,30.9
USG05115,CUST0285,2026-02-01,SMS,26.48,67.0
USG05116,CUST0285,2026-03-01,Data,1937.77,5.54
USG05117,CUST0285,2026-03-01,Voice,525.99,270.4
USG05118,CUST0285,2026-03-01,SMS,32.64,79.0
USG05119,CUST0285,2026-04-01,Data,2002.36,5.72
USG05120,CUST0285,2026-04-01,Voice,342.64,210.1
USG05121,CUST0285,2026-04-01,SMS,157.41,37.0
USG05122,CUST0285,2026-05-01,Data,2640.24,7.54
USG05123,CUST0285,2026-05-01,Voice,308.27,98.1
USG05124,CUST0285,2026-05-01,SMS,36.83,21.0
USG05125,CUST0285,2026-06-01,Data,1020.69,2.92
USG05126,CUST0285,2026-06-01,Voice,1113.51,41.9
USG05127,CUST0285,2026-06-01,SMS,96.93,45.0
USG05128,CUST0285,2026-07-01,Data,2736.6,7.82
USG05129,CUST0285,2026-07-01,Voice,1197.58,230.9
USG05130,CUST0285,2026-07-01,SMS,194.74,64.0
USG05131,CUST0286,2026-02-01,Data,2904.33,8.3
USG05132,CUST0286,2026-02-01,Voice,892.63,42.3
USG05133,CUST0286,2026-02-01,SMS,92.35,53.0
USG05134,CUST0286,2026-03-01,Data,1311.87,3.75
USG05135,CUST0286,2026-03-01,Voice,437.05,181.7
USG05136,CUST0286,2026-03-01,SMS,188.03,8.0
USG05137,CUST0286,2026-04-01,Data,2400.0,6.86
USG05138,CUST0286,2026-04-01,Voice,908.86,289.9
USG05139,CUST0286,2026-04-01,SMS,187.53,62.0
USG05140,CUST0286,2026-05-01,Data,1753.06,5.01
USG05141,CUST0286,2026-05-01,Voice,364.48,172.7
USG05142,CUST0286,2026-05-01,SMS,157.76,72.0
USG05143,CUST0286,2026-06-01,Data,2453.25,7.01
USG05144,CUST0286,2026-06-01,Voice,355.03,187.9
USG05145,CUST0286,2026-06-01,SMS,79.79,6.0
USG05146,CUST0286,2026-07-01,Data,920.57,2.63
USG05147,CUST0286,2026-07-01,Voice,268.88,256.0
USG05148,CUST0286,2026-07-01,SMS,66.53,26.0
USG05149,CUST0287,2026-02-01,Data,2895.84,8.27
USG05150,CUST0287,2026-02-01,Voice,548.04,22.7
USG05151,CUST0287,2026-02-01,SMS,71.09,14.0
USG05152,CUST0287,2026-03-01,Data,667.3,1.91
USG05153,CUST0287,2026-03-01,Voice,231.36,186.1
USG05154,CUST0287,2026-03-01,SMS,54.08,32.0
USG05155,CUST0287,2026-04-01,Data,2641.25,7.55
USG05156,CUST0287,2026-04-01,Voice,595.56,276.4
USG05157,CUST0287,2026-04-01,SMS,109.63,35.0
USG05158,CUST0287,2026-05-01,Data,2351.01,6.72
USG05159,CUST0287,2026-05-01,Voice,226.83,45.1
USG05160,CUST0287,2026-05-01,SMS,137.36,42.0
USG05161,CUST0287,2026-06-01,Data,2455.08,7.01
USG05162,CUST0287,2026-06-01,Voice,1112.08,128.7
USG05163,CUST0287,2026-06-01,SMS,127.35,43.0
USG05164,CUST0287,2026-07-01,Data,2952.19,8.43
USG05165,CUST0287,2026-07-01,Voice,1022.64,275.3
USG05166,CUST0287,2026-07-01,SMS,65.78,63.0
USG05167,CUST0288,2026-02-01,Data,1853.39,5.3
USG05168,CUST0288,2026-02-01,Voice,627.61,284.4
USG05169,CUST0288,2026-02-01,SMS,39.91,77.0
USG05170,CUST0288,2026-03-01,Data,1339.74,3.83
USG05171,CUST0288,2026-03-01,Voice,1717.7,97.3
USG05172,CUST0288,2026-03-01,SMS,141.31,21.0
USG05173,CUST0288,2026-04-01,Data,3267.97,9.34
USG05174,CUST0288,2026-04-01,Voice,876.35,204.1
USG05175,CUST0288,2026-04-01,SMS,38.79,10.0
USG05176,CUST0288,2026-05-01,Data,1120.5,3.2
USG05177,CUST0288,2026-05-01,Voice,1002.9,248.1
USG05178,CUST0288,2026-05-01,SMS,305.78,23.0
USG05179,CUST0288,2026-06-01,Data,3218.71,9.2
USG05180,CUST0288,2026-06-01,Voice,1626.53,100.9
USG05181,CUST0288,2026-06-01,SMS,159.16,44.0
USG05182,CUST0288,2026-07-01,Data,1276.15,3.65
USG05183,CUST0288,2026-07-01,Voice,301.38,62.8
USG05184,CUST0288,2026-07-01,SMS,225.82,11.0
USG05185,CUST0289,2026-02-01,Data,1518.46,4.34
USG05186,CUST0289,2026-02-01,Voice,858.07,41.8
USG05187,CUST0289,2026-02-01,SMS,92.66,73.0
USG05188,CUST0289,2026-03-01,Data,765.3,2.19
USG05189,CUST0289,2026-03-01,Voice,1421.38,127.6
USG05190,CUST0289,2026-03-01,SMS,239.83,49.0
USG05191,CUST0289,2026-04-01,Data,1667.86,4.77
USG05192,CUST0289,2026-04-01,Voice,1767.27,157.7
USG05193,CUST0289,2026-04-01,SMS,285.7,35.0
USG05194,CUST0289,2026-05-01,Data,5032.31,14.38
USG05195,CUST0289,2026-05-01,Voice,1630.32,290.5
USG05196,CUST0289,2026-05-01,SMS,191.38,41.0
USG05197,CUST0289,2026-06-01,Data,4019.11,11.48
USG05198,CUST0289,2026-06-01,Voice,1826.32,290.0
USG05199,CUST0289,2026-06-01,SMS,133.31,65.0
USG05200,CUST0289,2026-07-01,Data,1611.05,4.6
USG05201,CUST0289,2026-07-01,Voice,1228.85,70.4
USG05202,CUST0289,2026-07-01,SMS,140.3,75.0
USG05203,CUST0290,2026-02-01,Data,779.84,2.23
USG05204,CUST0290,2026-02-01,Voice,814.02,186.0
USG05205,CUST0290,2026-02-01,SMS,41.73,29.0
USG05206,CUST0290,2026-03-01,Data,1863.75,5.33
USG05207,CUST0290,2026-03-01,Voice,346.54,244.2
USG05208,CUST0290,2026-03-01,SMS,194.99,21.0
USG05209,CUST0290,2026-04-01,Data,885.97,2.53
USG05210,CUST0290,2026-04-01,Voice,627.68,229.4
USG05211,CUST0290,2026-04-01,SMS,70.69,6.0
USG05212,CUST0290,2026-05-01,Data,1807.17,5.16
USG05213,CUST0290,2026-05-01,Voice,1154.43,129.6
USG05214,CUST0290,2026-05-01,SMS,95.62,78.0
USG05215,CUST0290,2026-06-01,Data,2205.98,6.3
USG05216,CUST0290,2026-06-01,Voice,905.13,177.6
USG05217,CUST0290,2026-06-01,SMS,195.43,57.0
USG05218,CUST0290,2026-07-01,Data,2727.09,7.79
USG05219,CUST0290,2026-07-01,Voice,884.35,225.8
USG05220,CUST0290,2026-07-01,SMS,72.27,28.0
USG05221,CUST0291,2026-02-01,Data,4140.79,11.83
USG05222,CUST0291,2026-02-01,Voice,784.62,177.6
USG05223,CUST0291,2026-02-01,SMS,110.3,66.0
USG05224,CUST0291,2026-03-01,Data,1168.42,3.34
USG05225,CUST0291,2026-03-01,Voice,1735.56,188.8
USG05226,CUST0291,2026-03-01,SMS,91.19,46.0
USG05227,CUST0291,2026-04-01,Data,1928.64,5.51
USG05228,CUST0291,2026-04-01,Voice,832.39,118.4
USG05229,CUST0291,2026-04-01,SMS,53.38,79.0
USG05230,CUST0291,2026-05-01,Data,819.38,2.34
USG05231,CUST0291,2026-05-01,Voice,1437.56,123.9
USG05232,CUST0291,2026-05-01,SMS,231.68,32.0
USG05233,CUST0291,2026-06-01,Data,3657.98,10.45
USG05234,CUST0291,2026-06-01,Voice,1556.69,213.4
USG05235,CUST0291,2026-06-01,SMS,68.87,54.0
USG05236,CUST0291,2026-07-01,Data,1917.54,5.48
USG05237,CUST0291,2026-07-01,Voice,306.41,136.2
USG05238,CUST0291,2026-07-01,SMS,166.66,40.0
USG05239,CUST0292,2026-02-01,Data,2232.54,6.38
USG05240,CUST0292,2026-02-01,Voice,474.29,108.3
USG05241,CUST0292,2026-02-01,SMS,30.9,57.0
USG05242,CUST0292,2026-03-01,Data,1876.35,5.36
USG05243,CUST0292,2026-03-01,Voice,516.9,217.5
USG05244,CUST0292,2026-03-01,SMS,116.72,40.0
USG05245,CUST0292,2026-04-01,Data,1729.44,4.94
USG05246,CUST0292,2026-04-01,Voice,818.17,204.8
USG05247,CUST0292,2026-04-01,SMS,72.01,16.0
USG05248,CUST0292,2026-05-01,Data,807.25,2.31
USG05249,CUST0292,2026-05-01,Voice,821.36,264.4
USG05250,CUST0292,2026-05-01,SMS,93.71,18.0
USG05251,CUST0292,2026-06-01,Data,2367.17,6.76
USG05252,CUST0292,2026-06-01,Voice,1024.11,266.6
USG05253,CUST0292,2026-06-01,SMS,129.23,70.0
USG05254,CUST0292,2026-07-01,Data,440.08,1.26
USG05255,CUST0292,2026-07-01,Voice,262.6,45.9
USG05256,CUST0292,2026-07-01,SMS,148.27,10.0
USG05257,CUST0293,2026-02-01,Data,1690.55,4.83
USG05258,CUST0293,2026-02-01,Voice,646.34,107.0
USG05259,CUST0293,2026-02-01,SMS,176.67,18.0
USG05260,CUST0293,2026-03-01,Data,1316.4,3.76
USG05261,CUST0293,2026-03-01,Voice,962.88,28.5
USG05262,CUST0293,2026-03-01,SMS,141.13,66.0
USG05263,CUST0293,2026-04-01,Data,2823.9,8.07
USG05264,CUST0293,2026-04-01,Voice,1070.11,109.4
USG05265,CUST0293,2026-04-01,SMS,125.55,11.0
USG05266,CUST0293,2026-05-01,Data,1070.46,3.06
USG05267,CUST0293,2026-05-01,Voice,248.93,108.3
USG05268,CUST0293,2026-05-01,SMS,177.53,31.0
USG05269,CUST0293,2026-06-01,Data,1860.94,5.32
USG05270,CUST0293,2026-06-01,Voice,605.05,148.5
USG05271,CUST0293,2026-06-01,SMS,194.52,27.0
USG05272,CUST0293,2026-07-01,Data,2031.04,5.8
USG05273,CUST0293,2026-07-01,Voice,591.07,37.1
USG05274,CUST0293,2026-07-01,SMS,108.08,66.0
USG05275,CUST0294,2026-02-01,Data,656.76,1.88
USG05276,CUST0294,2026-02-01,Voice,223.07,63.0
USG05277,CUST0294,2026-02-01,SMS,157.59,59.0
USG05278,CUST0294,2026-03-01,Data,1869.05,5.34
USG05279,CUST0294,2026-03-01,Voice,641.64,268.7
USG05280,CUST0294,2026-03-01,SMS,158.01,66.0
USG05281,CUST0294,2026-04-01,Data,2514.48,7.18
USG05282,CUST0294,2026-04-01,Voice,824.85,148.2
USG05283,CUST0294,2026-04-01,SMS,175.64,74.0
USG05284,CUST0294,2026-05-01,Data,461.9,1.32
USG05285,CUST0294,2026-05-01,Voice,204.13,288.4
USG05286,CUST0294,2026-05-01,SMS,69.89,71.0
USG05287,CUST0294,2026-06-01,Data,1410.87,4.03
USG05288,CUST0294,2026-06-01,Voice,275.06,42.5
USG05289,CUST0294,2026-06-01,SMS,48.17,24.0
USG05290,CUST0294,2026-07-01,Data,1670.15,4.77
USG05291,CUST0294,2026-07-01,Voice,886.57,296.2
USG05292,CUST0294,2026-07-01,SMS,99.47,44.0
USG05293,CUST0295,2026-02-01,Data,1756.72,5.02
USG05294,CUST0295,2026-02-01,Voice,716.41,165.0
USG05295,CUST0295,2026-02-01,SMS,21.58,5.0
USG05296,CUST0295,2026-03-01,Data,653.93,1.87
USG05297,CUST0295,2026-03-01,Voice,256.63,217.4
USG05298,CUST0295,2026-03-01,SMS,56.88,72.0
USG05299,CUST0295,2026-04-01,Data,2814.38,8.04
USG05300,CUST0295,2026-04-01,Voice,1174.69,282.9
USG05301,CUST0295,2026-04-01,SMS,68.94,43.0
USG05302,CUST0295,2026-05-01,Data,856.18,2.45
USG05303,CUST0295,2026-05-01,Voice,996.52,268.8
USG05304,CUST0295,2026-05-01,SMS,173.23,38.0
USG05305,CUST0295,2026-06-01,Data,2372.55,6.78
USG05306,CUST0295,2026-06-01,Voice,252.46,31.3
USG05307,CUST0295,2026-06-01,SMS,155.58,37.0
USG05308,CUST0295,2026-07-01,Data,2988.43,8.54
USG05309,CUST0295,2026-07-01,Voice,252.12,259.6
USG05310,CUST0295,2026-07-01,SMS,106.4,67.0
USG05311,CUST0296,2026-02-01,Data,2524.53,7.21
USG05312,CUST0296,2026-02-01,Voice,1111.79,103.4
USG05313,CUST0296,2026-02-01,SMS,190.96,16.0
USG05314,CUST0296,2026-03-01,Data,613.12,1.75
USG05315,CUST0296,2026-03-01,Voice,603.2,251.9
USG05316,CUST0296,2026-03-01,SMS,105.22,67.0
USG05317,CUST0296,2026-04-01,Data,2297.19,6.56
USG05318,CUST0296,2026-04-01,Voice,369.9,285.7
USG05319,CUST0296,2026-04-01,SMS,30.94,72.0
USG05320,CUST0296,2026-05-01,Data,1191.55,3.4
USG05321,CUST0296,2026-05-01,Voice,675.16,138.3
USG05322,CUST0296,2026-05-01,SMS,50.93,32.0
USG05323,CUST0296,2026-06-01,Data,901.63,2.58
USG05324,CUST0296,2026-06-01,Voice,364.08,72.4
USG05325,CUST0296,2026-06-01,SMS,108.02,65.0
USG05326,CUST0296,2026-07-01,Data,1879.32,5.37
USG05327,CUST0296,2026-07-01,Voice,1087.87,198.2
USG05328,CUST0296,2026-07-01,SMS,144.08,55.0
USG05329,CUST0297,2026-02-01,Data,1568.59,4.48
USG05330,CUST0297,2026-02-01,Voice,873.81,39.5
USG05331,CUST0297,2026-02-01,SMS,174.77,63.0
USG05332,CUST0297,2026-03-01,Data,1037.6,2.96
USG05333,CUST0297,2026-03-01,Voice,956.43,23.5
USG05334,CUST0297,2026-03-01,SMS,59.1,10.0
USG05335,CUST0297,2026-04-01,Data,2428.59,6.94
USG05336,CUST0297,2026-04-01,Voice,943.67,247.8
USG05337,CUST0297,2026-04-01,SMS,20.81,43.0
USG05338,CUST0297,2026-05-01,Data,2232.57,6.38
USG05339,CUST0297,2026-05-01,Voice,313.17,201.9
USG05340,CUST0297,2026-05-01,SMS,35.14,19.0
USG05341,CUST0297,2026-06-01,Data,1637.07,4.68
USG05342,CUST0297,2026-06-01,Voice,836.24,60.8
USG05343,CUST0297,2026-06-01,SMS,53.34,20.0
USG05344,CUST0297,2026-07-01,Data,1020.62,2.92
USG05345,CUST0297,2026-07-01,Voice,387.88,130.6
USG05346,CUST0297,2026-07-01,SMS,137.68,38.0
USG05347,CUST0298,2026-02-01,Data,2417.53,6.91
USG05348,CUST0298,2026-02-01,Voice,905.23,55.4
USG05349,CUST0298,2026-02-01,SMS,28.79,71.0
USG05350,CUST0298,2026-03-01,Data,607.56,1.74
USG05351,CUST0298,2026-03-01,Voice,305.76,26.2
USG05352,CUST0298,2026-03-01,SMS,133.1,49.0
USG05353,CUST0298,2026-04-01,Data,2965.95,8.47
USG05354,CUST0298,2026-04-01,Voice,1081.28,135.0
USG05355,CUST0298,2026-04-01,SMS,86.89,27.0
USG05356,CUST0298,2026-05-01,Data,796.26,2.28
USG05357,CUST0298,2026-05-01,Voice,294.99,57.0
USG05358,CUST0298,2026-05-01,SMS,40.54,23.0
USG05359,CUST0298,2026-06-01,Data,1197.34,3.42
USG05360,CUST0298,2026-06-01,Voice,1159.66,182.0
USG05361,CUST0298,2026-06-01,SMS,197.77,33.0
USG05362,CUST0298,2026-07-01,Data,1589.83,4.54
USG05363,CUST0298,2026-07-01,Voice,490.81,71.2
USG05364,CUST0298,2026-07-01,SMS,45.77,76.0
USG05365,CUST0299,2026-02-01,Data,2965.71,8.47
USG05366,CUST0299,2026-02-01,Voice,197.15,62.1
USG05367,CUST0299,2026-02-01,SMS,96.23,19.0
USG05368,CUST0299,2026-03-01,Data,1346.09,3.85
USG05369,CUST0299,2026-03-01,Voice,285.55,147.8
USG05370,CUST0299,2026-03-01,SMS,68.91,31.0
USG05371,CUST0299,2026-04-01,Data,645.21,1.84
USG05372,CUST0299,2026-04-01,Voice,599.53,295.3
USG05373,CUST0299,2026-04-01,SMS,79.19,71.0
USG05374,CUST0299,2026-05-01,Data,2592.32,7.41
USG05375,CUST0299,2026-05-01,Voice,1149.66,241.2
USG05376,CUST0299,2026-05-01,SMS,138.73,69.0
USG05377,CUST0299,2026-06-01,Data,596.68,1.7
USG05378,CUST0299,2026-06-01,Voice,635.97,297.0
USG05379,CUST0299,2026-06-01,SMS,158.53,77.0
USG05380,CUST0299,2026-07-01,Data,2427.05,6.93
USG05381,CUST0299,2026-07-01,Voice,1068.63,217.8
USG05382,CUST0299,2026-07-01,SMS,156.89,44.0
USG05383,CUST0300,2026-02-01,Data,2803.02,8.01
USG05384,CUST0300,2026-02-01,Voice,1016.29,256.3
USG05385,CUST0300,2026-02-01,SMS,141.14,28.0
USG05386,CUST0300,2026-03-01,Data,492.64,1.41
USG05387,CUST0300,2026-03-01,Voice,1132.44,184.1
USG05388,CUST0300,2026-03-01,SMS,73.67,16.0
USG05389,CUST0300,2026-04-01,Data,2556.76,7.31
USG05390,CUST0300,2026-04-01,Voice,1028.35,248.1
USG05391,CUST0300,2026-04-01,SMS,136.11,32.0
USG05392,CUST0300,2026-05-01,Data,1190.58,3.4
USG05393,CUST0300,2026-05-01,Voice,158.98,253.4
USG05394,CUST0300,2026-05-01,SMS,35.74,52.0
USG05395,CUST0300,2026-06-01,Data,1710.59,4.89
USG05396,CUST0300,2026-06-01,Voice,703.02,279.5
USG05397,CUST0300,2026-06-01,SMS,25.69,63.0
USG05398,CUST0300,2026-07-01,Data,535.34,1.53
USG05399,CUST0300,2026-07-01,Voice,190.06,140.3
USG05400,CUST0300,2026-07-01,SMS,31.35,64.0
